Name:XXX XXX,Datumsbereich:22.06.2026 - 22.06.2026,
Zeitstempel,CGM-Glukosewert (mg/dl),Seriennummer
22.06.2026 23:55,"215,0",00000000-000000000
22.06.2026 23:50,"220,0",00000000-000000000
22.06.2026 23:45,"222,0",00000000-000000000
22.06.2026 23:40,"225,0",00000000-000000000
22.06.2026 23:35,"229,0",00000000-000000000
22.06.2026 23:30,"233,0",00000000-000000000
22.06.2026 23:25,"238,0",00000000-000000000
22.06.2026 23:20,"240,0",00000000-000000000
22.06.2026 23:15,"241,0",00000000-000000000
22.06.2026 23:10,"242,0",00000000-000000000
22.06.2026 23:05,"246,0",00000000-000000000
22.06.2026 23:00,"246,0",00000000-000000000
22.06.2026 22:55,"246,0",00000000-000000000
22.06.2026 22:50,"248,0",00000000-000000000
22.06.2026 22:45,"247,0",00000000-000000000
22.06.2026 22:40,"248,0",00000000-000000000
22.06.2026 22:35,"252,0",00000000-000000000
22.06.2026 22:30,"255,0",00000000-000000000
22.06.2026 22:25,"256,0",00000000-000000000
22.06.2026 22:20,"258,0",00000000-000000000
22.06.2026 22:15,"255,0",00000000-000000000
22.06.2026 22:10,"249,0",00000000-000000000
22.06.2026 22:05,"240,0",00000000-000000000
22.06.2026 22:00,"229,0",00000000-000000000
22.06.2026 21:55,"220,0",00000000-000000000
22.06.2026 21:50,"213,0",00000000-000000000
22.06.2026 21:45,"209,0",00000000-000000000
22.06.2026 21:35,"208,0",00000000-000000000
22.06.2026 21:30,"207,0",00000000-000000000
22.06.2026 21:07,"205,0",00000000-000000000
22.06.2026 21:02,"202,0",00000000-000000000
22.06.2026 20:57,"195,0",00000000-000000000
22.06.2026 20:52,"189,0",00000000-000000000
22.06.2026 20:47,"185,0",00000000-000000000
22.06.2026 20:37,"196,0",00000000-000000000
22.06.2026 20:27,"183,0",00000000-000000000
22.06.2026 20:17,"156,0",00000000-000000000
22.06.2026 20:07,"137,0",00000000-000000000
22.06.2026 20:02,"129,0",00000000-000000000
22.06.2026 19:57,"127,0",00000000-000000000
22.06.2026 19:52,"129,0",00000000-000000000
22.06.2026 19:47,"132,0",00000000-000000000
22.06.2026 19:42,"134,0",00000000-000000000
22.06.2026 19:37,"132,0",00000000-000000000
22.06.2026 19:27,"123,0",00000000-000000000
22.06.2026 19:22,"122,0",00000000-000000000
22.06.2026 19:17,"120,0",00000000-000000000
22.06.2026 19:12,"120,0",00000000-000000000
22.06.2026 19:07,"119,0",00000000-000000000
22.06.2026 19:02,"117,0",00000000-000000000
22.06.2026 18:57,"115,0",00000000-000000000
22.06.2026 18:52,"113,0",00000000-000000000
22.06.2026 18:47,"112,0",00000000-000000000
22.06.2026 18:42,"112,0",00000000-000000000
22.06.2026 18:12,"112,0",00000000-000000000
22.06.2026 18:02,"111,0",00000000-000000000
22.06.2026 17:57,"112,0",00000000-000000000
22.06.2026 17:52,"114,0",00000000-000000000
22.06.2026 17:47,"113,0",00000000-000000000
22.06.2026 17:22,"105,0",00000000-000000000
22.06.2026 17:17,"103,0",00000000-000000000
22.06.2026 17:12,"101,0",00000000-000000000
22.06.2026 17:07,"100,0",00000000-000000000
22.06.2026 16:52,"97,0",00000000-000000000
22.06.2026 16:37,"102,0",00000000-000000000
22.06.2026 16:32,"106,0",00000000-000000000
22.06.2026 16:27,"107,0",00000000-000000000
22.06.2026 16:22,"107,0",00000000-000000000
22.06.2026 16:12,"108,0",00000000-000000000
22.06.2026 16:02,"110,0",00000000-000000000
22.06.2026 15:57,"109,0",00000000-000000000
22.06.2026 15:52,"109,0",00000000-000000000
22.06.2026 15:47,"109,0",00000000-000000000
22.06.2026 15:42,"111,0",00000000-000000000
22.06.2026 15:22,"129,0",00000000-000000000
22.06.2026 14:22,"173,0",00000000-000000000
22.06.2026 14:17,"171,0",00000000-000000000
22.06.2026 14:12,"168,0",00000000-000000000
22.06.2026 14:07,"164,0",00000000-000000000
22.06.2026 13:32,"165,0",00000000-000000000
22.06.2026 13:27,"163,0",00000000-000000000
22.06.2026 13:22,"160,0",00000000-000000000
22.06.2026 13:17,"156,0",00000000-000000000
22.06.2026 13:07,"152,0",00000000-000000000
22.06.2026 13:02,"146,0",00000000-000000000
22.06.2026 12:57,"137,0",00000000-000000000
22.06.2026 12:52,"127,0",00000000-000000000
22.06.2026 12:47,"117,0",00000000-000000000
22.06.2026 12:42,"110,0",00000000-000000000
22.06.2026 12:37,"104,0",00000000-000000000
22.06.2026 12:27,"97,0",00000000-000000000
22.06.2026 12:07,"109,0",00000000-000000000
22.06.2026 12:02,"116,0",00000000-000000000
22.06.2026 11:57,"122,0",00000000-000000000
22.06.2026 11:52,"127,0",00000000-000000000
22.06.2026 11:47,"132,0",00000000-000000000
22.06.2026 11:42,"136,0",00000000-000000000
22.06.2026 11:37,"140,0",00000000-000000000
22.06.2026 11:32,"145,0",00000000-000000000
22.06.2026 11:27,"150,0",00000000-000000000
22.06.2026 11:22,"155,0",00000000-000000000
22.06.2026 11:17,"159,0",00000000-000000000
22.06.2026 11:12,"162,0",00000000-000000000
22.06.2026 11:07,"163,0",00000000-000000000
22.06.2026 10:57,"166,0",00000000-000000000
22.06.2026 10:47,"174,0",00000000-000000000
22.06.2026 10:42,"181,0",00000000-000000000
22.06.2026 10:37,"188,0",00000000-000000000
22.06.2026 10:32,"193,0",00000000-000000000
22.06.2026 10:27,"192,0",00000000-000000000
22.06.2026 10:22,"191,0",00000000-000000000
22.06.2026 10:17,"192,0",00000000-000000000
22.06.2026 10:12,"191,0",00000000-000000000
22.06.2026 10:02,"178,0",00000000-000000000
22.06.2026 09:57,"172,0",00000000-000000000
22.06.2026 09:47,"160,0",00000000-000000000
22.06.2026 09:42,"157,0",00000000-000000000
22.06.2026 09:37,"155,0",00000000-000000000
22.06.2026 09:32,"152,0",00000000-000000000
22.06.2026 09:27,"150,0",00000000-000000000
22.06.2026 09:22,"145,0",00000000-000000000
22.06.2026 09:12,"133,0",00000000-000000000
22.06.2026 09:07,"127,0",00000000-000000000
22.06.2026 09:02,"125,0",00000000-000000000
22.06.2026 08:47,"104,0",00000000-000000000
22.06.2026 08:42,"99,0",00000000-000000000
22.06.2026 08:37,"98,0",00000000-000000000
22.06.2026 08:32,"98,0",00000000-000000000
22.06.2026 08:27,"99,0",00000000-000000000
22.06.2026 08:22,"97,0",00000000-000000000
22.06.2026 08:17,"98,0",00000000-000000000
22.06.2026 08:12,"102,0",00000000-000000000
22.06.2026 08:07,"103,0",00000000-000000000
22.06.2026 08:02,"103,0",00000000-000000000
22.06.2026 07:57,"102,0",00000000-000000000
22.06.2026 07:52,"98,0",00000000-000000000
22.06.2026 07:47,"89,0",00000000-000000000
22.06.2026 07:42,"78,0",00000000-000000000
22.06.2026 07:37,"67,0",00000000-000000000
22.06.2026 07:32,"63,0",00000000-000000000
22.06.2026 07:27,"63,0",00000000-000000000
22.06.2026 07:17,"67,0",00000000-000000000
22.06.2026 07:12,"69,0",00000000-000000000
22.06.2026 07:07,"71,0",00000000-000000000
22.06.2026 07:02,"75,0",00000000-000000000
22.06.2026 06:57,"77,0",00000000-000000000
22.06.2026 06:52,"80,0",00000000-000000000
22.06.2026 06:47,"82,0",00000000-000000000
22.06.2026 06:42,"85,0",00000000-000000000
22.06.2026 06:37,"88,0",00000000-000000000
22.06.2026 06:32,"91,0",00000000-000000000
22.06.2026 06:22,"99,0",00000000-000000000
22.06.2026 06:17,"103,0",00000000-000000000
22.06.2026 06:12,"107,0",00000000-000000000
22.06.2026 06:07,"112,0",00000000-000000000
22.06.2026 06:02,"117,0",00000000-000000000
22.06.2026 05:57,"122,0",00000000-000000000
22.06.2026 05:52,"127,0",00000000-000000000
22.06.2026 05:47,"132,0",00000000-000000000
22.06.2026 05:42,"135,0",00000000-000000000
22.06.2026 05:37,"137,0",00000000-000000000
22.06.2026 05:32,"138,0",00000000-000000000
22.06.2026 05:27,"141,0",00000000-000000000
22.06.2026 05:22,"145,0",00000000-000000000
22.06.2026 05:17,"149,0",00000000-000000000
22.06.2026 05:12,"153,0",00000000-000000000
22.06.2026 05:07,"155,0",00000000-000000000
22.06.2026 05:02,"156,0",00000000-000000000
22.06.2026 04:57,"158,0",00000000-000000000
22.06.2026 04:52,"159,0",00000000-000000000
22.06.2026 04:47,"160,0",00000000-000000000
22.06.2026 04:42,"160,0",00000000-000000000
22.06.2026 04:37,"160,0",00000000-000000000
22.06.2026 04:32,"163,0",00000000-000000000
22.06.2026 04:27,"168,0",00000000-000000000
22.06.2026 04:22,"172,0",00000000-000000000
22.06.2026 04:17,"175,0",00000000-000000000
22.06.2026 04:12,"179,0",00000000-000000000
22.06.2026 04:07,"183,0",00000000-000000000
22.06.2026 04:02,"186,0",00000000-000000000
22.06.2026 03:57,"189,0",00000000-000000000
22.06.2026 03:52,"192,0",00000000-000000000
22.06.2026 03:47,"194,0",00000000-000000000
22.06.2026 03:42,"196,0",00000000-000000000
22.06.2026 03:37,"198,0",00000000-000000000
22.06.2026 03:32,"201,0",00000000-000000000
22.06.2026 03:27,"205,0",00000000-000000000
22.06.2026 03:22,"207,0",00000000-000000000
22.06.2026 03:17,"208,0",00000000-000000000
22.06.2026 03:12,"209,0",00000000-000000000
22.06.2026 03:07,"209,0",00000000-000000000
22.06.2026 03:02,"209,0",00000000-000000000
22.06.2026 02:57,"210,0",00000000-000000000
22.06.2026 02:52,"211,0",00000000-000000000
22.06.2026 02:47,"212,0",00000000-000000000
22.06.2026 02:42,"212,0",00000000-000000000
22.06.2026 02:17,"227,0",00000000-000000000
22.06.2026 02:12,"232,0",00000000-000000000
22.06.2026 02:07,"239,0",00000000-000000000
22.06.2026 02:02,"245,0",00000000-000000000
22.06.2026 01:57,"250,0",00000000-000000000
22.06.2026 01:52,"248,0",00000000-000000000
22.06.2026 01:47,"241,0",00000000-000000000
22.06.2026 01:42,"235,0",00000000-000000000
22.06.2026 01:37,"236,0",00000000-000000000
22.06.2026 01:32,"233,0",00000000-000000000
22.06.2026 01:27,"228,0",00000000-000000000
22.06.2026 01:22,"225,0",00000000-000000000
22.06.2026 01:17,"220,0",00000000-000000000
22.06.2026 01:12,"213,0",00000000-000000000
22.06.2026 01:07,"207,0",00000000-000000000
22.06.2026 00:57,"191,0",00000000-000000000
22.06.2026 00:37,"156,0",00000000-000000000
22.06.2026 00:32,"147,0",00000000-000000000
22.06.2026 00:27,"138,0",00000000-000000000
22.06.2026 00:22,"129,0",00000000-000000000
22.06.2026 00:02,"109,0",00000000-000000000