Last Name;First Name;Patient ID;System ID;Start Date;End Date;Device;MiniMed 780G MMT-1886;Hardware Version;A2.01;Firmware Version;8.13.2
"XXX";"YYY";"";"";"04.07.2026 00:00:00";"05.07.2026 00:00:00";"Serial Number";XXXXXXXXXX;Software Version;
Patient DOB;;;;;;CGM;Guardian™ 4 Sensor


-------;MiniMed 780G MMT-1886;Pump;XXXXXXXXXX;------- 
Index;Date;Time;New Device Time;BG Source;BG Reading (mg/dL);Linked BG Meter ID;Basal Rate (U/h);Temp Basal Amount;Temp Basal Type;Temp Basal Duration (h:mm:ss);Bolus Type;Bolus Volume Selected (U);Bolus Volume Delivered (U);Bolus Duration (h:mm:ss);Prime Type;Prime Volume Delivered (U);Estimated Reservoir Volume after Fill (U);Alert;User Cleared Alerts;Suspend;Rewind;BWZ Estimate (U);BWZ Target High BG (mg/dL);BWZ Target Low BG (mg/dL);BWZ Carb Ratio (g/U);BWZ Insulin Sensitivity (mg/dL/U);BWZ Carb Input (grams);BWZ BG/SG Input (mg/dL);BWZ Correction Estimate (U);BWZ Food Estimate (U);BWZ Active Insulin (U);BWZ Status;Sensor Calibration BG (mg/dL);Sensor Glucose (mg/dL);ISIG Value;Event Marker;Bolus Number;Bolus Cancellation Reason;BWZ Unabsorbed Insulin Total (U);Final Bolus Estimate;Scroll Step Size;Insulin Action Curve Time;Sensor Calibration Rejected Reason;Preset Bolus;Bolus Source;BLE Network Device;Device Update Event;Network Device Associated Reason;Network Device Disassociated Reason;Network Device Disconnected Reason;Sensor Exception;Preset Temp Basal Name;Sensor State
1,00000;2026/07/04;23:09:51;;;;;;;;;;;;;;;;;PERSONAL REMINDER;;;;;;;;;;;;;;;;;;;;;;;;;;;;;;;;;;
2,00000;2026/07/04;23:08:00;;;;;;;;;;;;;;;;PERSONAL REMINDER: vibration;;;;;;;;;;;;;;;;;;;;;;;;;;;;;;;;;;;
3,00000;2026/07/04;22:48:05;;;;;;;;;Normal;1,9;1,9;;;;;;;;;;;;;;;;;;;;;;;;205;;;;;;;;CLOSED_LOOP_BG_CORRECTION_AND_FOOD_BOLUS;;;;;;;;
4,00000;2026/07/04;22:46:43;;;;;;;;;Normal;1,9;;;;;;;;;;;;;;;;;;;;;;;;;205;;;;;;;;CLOSED_LOOP_BG_CORRECTION_AND_FOOD_BOLUS;;;;;;;;
5,00000;2026/07/04;22:46:43;;;;;;;;;;;;;;;;;;;;1,9;;;7,50;;14,00;152;0;1,9;;Delivered;;;;;;;;;;;;;;;;;;;;;
6,00000;2026/07/04;22:07:40;;;;;0,7;;;;;;;;;;;;;;;;;;;;;;;;;;;;;;;;;;;;;;;;;;;;;;
7,00000;2026/07/04;21:55:29;;;;;;;;;Normal;0,7;0,7;;;;;;;;;;;;;;;;;;;;;;;;194;;;;;;;;CLOSED_LOOP_BG_CORRECTION_AND_FOOD_BOLUS;;;;;;;;
8,00000;2026/07/04;21:49:10;;;;;;;;;Normal;0,7;;;;;;;;;;;;;;;;;;;;;;;;;194;;;;;;;;CLOSED_LOOP_BG_CORRECTION_AND_FOOD_BOLUS;;;;;;;;
9,00000;2026/07/04;21:49:10;;;;;;;;;;;;;;;;;;;;0,7;;;7,50;;6,00;95;0;0,7;;Delivered;;;;;;;;;;;;;;;;;;;;;
10,00000;2026/07/04;21:35:23;;;;;;;;;;;;;;;;;ALERT ON LOW;;;;;;;;;;;;;;;;;;;;;;;;;;;;;;;;;;
11,00000;2026/07/04;21:32:10;;;;;;;;;;;;;;;;ALERT ON LOW: vibration;;;;;;;;;;;;;;;;;;;;;;;;;;;;;;;;;;;
12,00000;2026/07/04;21:15:30;;;;;;;;;;;;;;;;;ALERT BEFORE LOW;;;;;;;;;;;;;;;;;;;;;;;;;;;;;;;;;;
13,00000;2026/07/04;21:09:07;;;;;;;;;;;;;;;;ALERT BEFORE LOW: vibration;;;;;;;;;;;;;;;;;;;;;;;;;;;;;;;;;;;
14,00000;2026/07/04;21:02:32;;;;;0,6;;;;;;;;;;;;;;;;;;;;;;;;;;;;;;;;;;;;;;;;;;;;;;
15,00000;2026/07/04;20:16:01;;;;;;;;;;;;;;;;;RISE ALERT;;;;;;;;;;;;;;;;;;;;;;;;;;;;;;;;;;
16,00000;2026/07/04;20:06:19;;;;;;;;;;;;;;;;RISE ALERT: vibration;;;;;;;;;;;;;;;;;;;;;;;;;;;;;;;;;;;
17,00000;2026/07/04;20:05:23;;;;;;;;;Normal;9,6;9,6;;;;;;;;;;;;;;;;;;;;;;;;187;;;;;;;;CLOSED_LOOP_BG_CORRECTION_AND_FOOD_BOLUS;;;;;;;;
18,00000;2026/07/04;20:01:48;;;;;;;;;Normal;9,6;;;;;;;;;;;;;;;;;;;;;;;;;187;;;;;;;;CLOSED_LOOP_BG_CORRECTION_AND_FOOD_BOLUS;;;;;;;;
19,00000;2026/07/04;20:01:48;;;;;;;;;;;;;;;;;;;;9,6;;;7,50;;60,00;125;0;9,6;;Delivered;;;;;;;;;;;;;;;;;;;;;
20,00000;2026/07/04;19:57:32;;;;;0,7;;;;;;;;;;;;;;;;;;;;;;;;;;;;;;;;;;;;;;;;;;;;;;
21,00000;2026/07/04;19:57:28;;;;;;;;;;;;;;;;;BOLUS NOT DELIVERED ALERT;;;;;;;;;;;;;;;;;;;;;;;;;;;;;;;;;;
22,00000;2026/07/04;19:44:58;;;;;;;;;;;;;;;;BOLUS NOT DELIVERED ALERT: vibration;;;;;;;;;;;;;;;;;;;;;;;;;;;;;;;;;;;
23,00000;2026/07/04;19:43:43;;;;;;;;;;;;;;;;;;;;0;;;7,50;;6,00;51;-0,8;0,8;;Not Delivered;;;;;;;;;;;;;;;;;;;;;
24,00000;2026/07/04;19:40:45;;;;;0,9;;;;;;;;;;;;;;;;;;;;;;;;;;;;;;;;;;;;;;;;;;;;;;
25,00000;2026/07/04;19:40:45;;;;;;;;;;;;;;;;;;NORMAL_PUMPING;;;;;;;;;;;;;;;;;;;;;;;;;;;;;;;;;
26,00000;2026/07/04;19:40:45;;;;;;;;;;;;;Cannula Fill;0;147,975;;;;;;;;;;;;;;;;;;;;;;;;;;;;;;;;;;;;
27,00000;2026/07/04;19:39:57;;;;;0;;;;;;;;;;;;;;;;;;;;;;;;;;;;;;;;;;;;;;;;;;;;;;
28,00000;2026/07/04;19:39:57;;;;;0;;;;;;;;;;;;;NOTSEATED_SUSPEND;;;;;;;;;;;;;;;;;;;;;;;;;;;;;;;;;
29,00000;2026/07/04;19:39:01;;;;;;;;;;;;;;;;;;;;0;;;7,50;;30,00;52;-4,0;4,0;;Not Delivered;;;;;;;;;;;;;;;;;;;;;
30,00000;2026/07/04;19:36:25;;;;;;;;;;;;;;;;;URGENT LOW SENSOR GLUCOSE;;;;;;;;;;;;;;;;;;;;;;;;;;;;;;;;;;
31,00000;2026/07/04;19:28:13;;;;;;;;;;;;;;;;URGENT LOW SENSOR GLUCOSE: vibration;;;;;;;;;;;;;;;;;;;;;;;;;;;;;;;;;;;
32,00000;2026/07/04;19:27:58;;;;;;;;;;;;;;;;;MISSED MEAL-BOLUS REMINDER;;;;;;;;;;;;;;;;;;;;;;;;;;;;;;;;;;
33,00000;2026/07/04;19:25:03;;;;;;;;;;;;;;;;MISSED MEAL-BOLUS REMINDER: vibration;;;;;;;;;;;;;;;;;;;;;;;;;;;;;;;;;;;
34,00000;2026/07/04;19:01:16;;;;;0,9;;;;;;;;;;;;;;;;;;;;;;;;;;;;;;;;;;;;;;;;;;;;;;
35,00000;2026/07/04;18:53:41;;;;;;;;;;;;;;;;;ALERT ON LOW;;;;;;;;;;;;;;;;;;;;;;;;;;;;;;;;;;
36,00000;2026/07/04;18:45:17;;;;;;;;;;;;;;;;ALERT ON LOW: vibration;;;;;;;;;;;;;;;;;;;;;;;;;;;;;;;;;;;
37,00000;2026/07/04;18:43:05;;;;;;;;;;;;;;;;;ALERT BEFORE LOW;;;;;;;;;;;;;;;;;;;;;;;;;;;;;;;;;;
38,00000;2026/07/04;18:42:08;;;;;;;;;;;;;;;;ALERT BEFORE LOW: vibration;;;;;;;;;;;;;;;;;;;;;;;;;;;;;;;;;;;
39,00000;2026/07/04;17:32:46;;;;;;;;;Normal;2,8;2,8;;;;;;;;;;;;;;;;;;;;;;;;176;;;;;;;;CLOSED_LOOP_BG_CORRECTION_AND_FOOD_BOLUS;;;;;;;;
40,00000;2026/07/04;17:22:13;;;;;;;;;Normal;2,8;;;;;;;;;;;;;;;;;;;;;;;;;176;;;;;;;;CLOSED_LOOP_BG_CORRECTION_AND_FOOD_BOLUS;;;;;;;;
41,00000;2026/07/04;17:22:13;;;;;;;;;;;;;;;;;;;;2,8;;;7,20;;18,00;106;0;2,8;;Delivered;;;;;;;;;;;;;;;;;;;;;
42,00000;2026/07/04;17:20:12;;;;;;;;;;;;;;;;;;;;;;;;;;;;;;;129;;;;;;;;;;;;;;;;;;;;
43,00000;2026/07/04;17:15:21;;ENTERED_IN_BG_ENTRY;49;;;;;;;;;;;;;;;;;;;;;;;;;;;;;;;;;;;;;;;;;;;;;;;;
44,00000;2026/07/04;17:13:45;;;;;;;;;;;;;;;;;RISE ALERT;;;;;;;;;;;;;;;;;;;;;;;;;;;;;;;;;;
45,00000;2026/07/04;17:03:26;;;;;;;;;;;;;;;;RISE ALERT: vibration;;;;;;;;;;;;;;;;;;;;;;;;;;;;;;;;;;;
46,00000;2026/07/04;17:03:00;;;;;;;;;;;;;;;;;;;;;;;;;;;;;;;;;;;;;;;;;;;;Glucose Sensor Transmitter (XXXXXXXXXXX) was added;;;;;;;
47,00000;2026/07/04;17:01:16;;;;;;;;;;;;;;;;;;;;;;;;;;;;;;;;;;;;;;;;;;;;Glucose Sensor Transmitter (XXXXXXXXXXX) was removed;;;;;;;
48,00000;2026/07/04;17:01:03;;;;;1,0;;;;;;;;;;;;;;;;;;;;;;;;;;;;;;;;;;;;;;;;;;;;;;
49,00000;2026/07/04;16:30:06;;;;;;;;;;;;;;;;;ALERT ON LOW;;;;;;;;;;;;;;;;;;;;;;;;;;;;;;;;;;
50,00000;2026/07/04;16:26:07;;;;;;;;;;;;;;;;ALERT ON LOW: vibration;;;;;;;;;;;;;;;;;;;;;;;;;;;;;;;;;;;
51,00000;2026/07/04;15:52:22;;;;;0,9;;;;;;;;;;;;;;;;;;;;;;;;;;;;;;;;;;;;;;;;;;;;;;
52,00000;2026/07/04;15:22:37;;;;;;;;;;;;;;;;;ALERT ON LOW;;;;;;;;;;;;;;;;;;;;;;;;;;;;;;;;;;
53,00000;2026/07/04;15:17:41;;;;;;;;;;;;;;;;ALERT ON LOW: vibration;;;;;;;;;;;;;;;;;;;;;;;;;;;;;;;;;;;
54,00000;2026/07/04;15:10:21;;;;;;;;;;;;;;;;;ALERT BEFORE LOW;;;;;;;;;;;;;;;;;;;;;;;;;;;;;;;;;;
55,00000;2026/07/04;15:09:54;;;;;;;;;;;;;;;;ALERT BEFORE LOW: vibration;;;;;;;;;;;;;;;;;;;;;;;;;;;;;;;;;;;
56,00000;2026/07/04;15:09:19;;;;;;;;;Normal;3,1;3,1;;;;;;;;;;;;;;;;;;;;;;;;167;;;;;;;;CLOSED_LOOP_BG_CORRECTION_AND_FOOD_BOLUS;;;;;;;;
57,00000;2026/07/04;15:08:09;;;;;;;;;Normal;3,1;;;;;;;;;;;;;;;;;;;;;;;;;167;;;;;;;;CLOSED_LOOP_BG_CORRECTION_AND_FOOD_BOLUS;;;;;;;;
58,00000;2026/07/04;15:08:09;;;;;;;;;;;;;;;;;;;;3,1;;;7,20;;20,00;117;0;3,1;;Delivered;;;;;;;;;;;;;;;;;;;;;
59,00000;2026/07/04;14:00:35;;;;;;;;;Normal;3,0;3,0;;;;;;;;;;;;;;;;;;;;;;;;166;;;;;;;;CLOSED_LOOP_BG_CORRECTION_AND_FOOD_BOLUS;;;;;;;;
60,00000;2026/07/04;13:56:08;;;;;;;;;Normal;3,0;;;;;;;;;;;;;;;;;;;;;;;;;166;;;;;;;;CLOSED_LOOP_BG_CORRECTION_AND_FOOD_BOLUS;;;;;;;;
61,00000;2026/07/04;13:52:49;;;;;;;;;;;;;;;;;;;;3,0;;;6,60;;25,00;195;0;3,0;;Delivered;;;;;;;;;;;;;;;;;;;;;
62,00000;2026/07/04;13:21:55;;;;;;;;;Normal;2,9;2,9;;;;;;;;;;;;;;;;;;;;;;;;163;;;;;;;;CLOSED_LOOP_BG_CORRECTION_AND_FOOD_BOLUS;;;;;;;;
63,00000;2026/07/04;13:15:45;;;;;;;;;Normal;2,9;;;;;;;;;;;;;;;;;;;;;;;;;163;;;;;;;;CLOSED_LOOP_BG_CORRECTION_AND_FOOD_BOLUS;;;;;;;;
64,00000;2026/07/04;13:15:45;;;;;;;;;;;;;;;;;;;;2,9;;;6,60;;20,00;216;0;2,9;;Delivered;;;;;;;;;;;;;;;;;;;;;
65,00000;2026/07/04;12:32:56;;;;;;;;;Normal;2,4;2,4;;;;;;;;;;;;;;;;;;;;;;;;154;;;;;;;;CLOSED_LOOP_BG_CORRECTION_AND_FOOD_BOLUS;;;;;;;;
66,00000;2026/07/04;12:24:37;;;;;;;;;Normal;2,4;;;;;;;;;;;;;;;;;;;;;;;;;154;;;;;;;;CLOSED_LOOP_BG_CORRECTION_AND_FOOD_BOLUS;;;;;;;;
67,00000;2026/07/04;12:24:37;;;;;;;;;;;;;;;;;;;;2,4;;;6,60;;15,00;0;0;2,4;;Delivered;;;;;;;;;;;;;;;;;;;;;
68,00000;2026/07/04;11:47:56;;;;;;;;;Normal;5,1;5,1;;;;;;;;;;;;;;;;;;;;;;;;144;;;;;;;;CLOSED_LOOP_BG_CORRECTION_AND_FOOD_BOLUS;;;;;;;;
69,00000;2026/07/04;11:29:11;;;;;;;;;Normal;5,1;;;;;;;;;;;;;;;;;;;;;;;;;144;;;;;;;;CLOSED_LOOP_BG_CORRECTION_AND_FOOD_BOLUS;;;;;;;;
70,00000;2026/07/04;11:29:11;;;;;;;;;;;;;;;;;;;;5,1;;;8,00;;35,00;253;0;5,1;;Delivered;;;;;;;;;;;;;;;;;;;;;
71,00000;2026/07/04;10:53:32;;BG_SENT_FOR_CALIB;129;;;;;;;;;;;;;;;;;;;;;;;;;;;;;;;;;;;;;;;;;;;;;;;;
72,00000;2026/07/04;10:51:57;;;;;;;;;;;;;;;;;RISE ALERT;;;;;;;;;;;;;;;;;;;;;;;;;;;;;;;;;;
73,00000;2026/07/04;10:51:07;;;;;;;;;;;;;;;;RISE ALERT: vibration;;;;;;;;;;;;;;;;;;;;;;;;;;;;;;;;;;;
74,00000;2026/07/04;10:00:29;;;;;;;;;;;;;;;;;ALERT ON LOW;;;;;;;;;;;;;;;;;;;;;;;;;;;;;;;;;;
75,00000;2026/07/04;09:55:14;;;;;;;;;;;;;;;;ALERT ON LOW: vibration;;;;;;;;;;;;;;;;;;;;;;;;;;;;;;;;;;;
76,00000;2026/07/04;09:43:34;;;;;;;;;;;;;;;;;ALERT BEFORE LOW;;;;;;;;;;;;;;;;;;;;;;;;;;;;;;;;;;
77,00000;2026/07/04;09:41:04;;;;;;;;;;;;;;;;ALERT BEFORE LOW: vibration;;;;;;;;;;;;;;;;;;;;;;;;;;;;;;;;;;;
78,00000;2026/07/04;09:22:18;;;;;;10;Percent;01:00:00;;;;;;;;;;;;;;;;;;;;;;;;;;;;;;;;;;;;;;;;;;TEMP_2;
79,00000;2026/07/04;09:05:56;;;;;0,8;;;;;;;;;;;;;;;;;;;;;;;;;;;;;;;;;;;;;;;;;;;;;;
80,00000;2026/07/04;08:13:05;;;;;;;;;;;;;;;;;ALERT BEFORE LOW;;;;;;;;;;;;;;;;;;;;;;;;;;;;;;;;;;
81,00000;2026/07/04;08:02:49;;;;;;;;;;;;;;;;ALERT BEFORE LOW: siren;;;;;;;;;;;;;;;;;;;;;;;;;;;;;;;;;;;
82,00000;2026/07/04;07:58:08;;;;;;;;;;;;;;;;ALERT BEFORE LOW: vibration;;;;;;;;;;;;;;;;;;;;;;;;;;;;;;;;;;;
83,00000;2026/07/04;07:50:33;;;;;1,0;;;;;;;;;;;;;;;;;;;;;;;;;;;;;;;;;;;;;;;;;;;;;;
84,00000;2026/07/04;07:03:20;;;;;1,3;;;;;;;;;;;;;;;;;;;;;;;;;;;;;;;;;;;;;;;;;;;;;;
85,00000;2026/07/04;05:55:17;;;;;1,2;;;;;;;;;;;;;;;;;;;;;;;;;;;;;;;;;;;;;;;;;;;;;;
86,00000;2026/07/04;04:55:51;;;;;1,1;;;;;;;;;;;;;;;;;;;;;;;;;;;;;;;;;;;;;;;;;;;;;;
87,00000;2026/07/04;04:02:37;;;;;0,9;;;;;;;;;;;;;;;;;;;;;;;;;;;;;;;;;;;;;;;;;;;;;;
88,00000;2026/07/04;03:07:34;;;;;1,0;;;;;;;;;;;;;;;;;;;;;;;;;;;;;;;;;;;;;;;;;;;;;;
89,00000;2026/07/04;02:00:43;;;;;0,8;;;;;;;;;;;;;;;;;;;;;;;;;;;;;;;;;;;;;;;;;;;;;;
90,00000;2026/07/04;00:08:09;;;;;;;;;;;;;;;;;;;;;;;;;;;;;;;;;;;;;;;;;;;;;;;;;;;
91,00000;2026/07/04;00:08:09;;;;;0,7;;;;;;;;;;;;;;;;;;;;;;;;;;;;;;;;;;;;;;;;;;;;;;
92,00000;2026/07/04;00:00:00;;;;;;;;;;;;;;;;;;;;;;;;;;;;;;;;;;;;;;;;180;;;;;;;;;;;

-------;MiniMed 780G MMT-1886;Pump;XXXXXXXXXX;Aggregated Auto Insulin Data 
Index;Date;Time;New Device Time;BG Source;BG Reading (mg/dL);Linked BG Meter ID;Basal Rate (U/h);Temp Basal Amount;Temp Basal Type;Temp Basal Duration (h:mm:ss);Bolus Type;Bolus Volume Selected (U);Bolus Volume Delivered (U);Bolus Duration (h:mm:ss);Prime Type;Prime Volume Delivered (U);Estimated Reservoir Volume after Fill (U);Alert;User Cleared Alerts;Suspend;Rewind;BWZ Estimate (U);BWZ Target High BG (mg/dL);BWZ Target Low BG (mg/dL);BWZ Carb Ratio (g/U);BWZ Insulin Sensitivity (mg/dL/U);BWZ Carb Input (grams);BWZ BG/SG Input (mg/dL);BWZ Correction Estimate (U);BWZ Food Estimate (U);BWZ Active Insulin (U);BWZ Status;Sensor Calibration BG (mg/dL);Sensor Glucose (mg/dL);ISIG Value;Event Marker;Bolus Number;Bolus Cancellation Reason;BWZ Unabsorbed Insulin Total (U);Final Bolus Estimate;Scroll Step Size;Insulin Action Curve Time;Sensor Calibration Rejected Reason;Preset Bolus;Bolus Source;BLE Network Device;Device Update Event;Network Device Associated Reason;Network Device Disassociated Reason;Network Device Disconnected Reason;Sensor Exception;Preset Temp Basal Name;Sensor State
93,00000;2026/07/04;00:00:00;;;;;;;;;Normal;20,494;20,494;;;;;;;;;;;;;;;;;;;;;;;;;;;;;;;;CLOSED_LOOP_AUTO_INSULIN;;;;;;;;

-------;MiniMed 780G MMT-1886;Sensor;XXXXXXXXXX;------- 
Index;Date;Time;New Device Time;BG Source;BG Reading (mg/dL);Linked BG Meter ID;Basal Rate (U/h);Temp Basal Amount;Temp Basal Type;Temp Basal Duration (h:mm:ss);Bolus Type;Bolus Volume Selected (U);Bolus Volume Delivered (U);Bolus Duration (h:mm:ss);Prime Type;Prime Volume Delivered (U);Estimated Reservoir Volume after Fill (U);Alert;User Cleared Alerts;Suspend;Rewind;BWZ Estimate (U);BWZ Target High BG (mg/dL);BWZ Target Low BG (mg/dL);BWZ Carb Ratio (g/U);BWZ Insulin Sensitivity (mg/dL/U);BWZ Carb Input (grams);BWZ BG/SG Input (mg/dL);BWZ Correction Estimate (U);BWZ Food Estimate (U);BWZ Active Insulin (U);BWZ Status;Sensor Calibration BG (mg/dL);Sensor Glucose (mg/dL);ISIG Value;Event Marker;Bolus Number;Bolus Cancellation Reason;BWZ Unabsorbed Insulin Total (U);Final Bolus Estimate;Scroll Step Size;Insulin Action Curve Time;Sensor Calibration Rejected Reason;Preset Bolus;Bolus Source;BLE Network Device;Device Update Event;Network Device Associated Reason;Network Device Disassociated Reason;Network Device Disconnected Reason;Sensor Exception;Preset Temp Basal Name;Sensor State
94,00000;2026/07/05;03:43:00;;;;;;;;;;;;;;;;;;;;;;;;;;;;;;;;108;19,24;;;;;;;;;;;;;;;;;;
95,00000;2026/07/05;03:38:00;;;;;;;;;;;;;;;;;;;;;;;;;;;;;;;;105;18,06;;;;;;;;;;;;;;;;;;
96,00000;2026/07/05;03:33:00;;;;;;;;;;;;;;;;;;;;;;;;;;;;;;;;105;18,86;;;;;;;;;;;;;;;;;;
97,00000;2026/07/05;03:28:00;;;;;;;;;;;;;;;;;;;;;;;;;;;;;;;;96;17,44;;;;;;;;;;;;;;;;;;
98,00000;2026/07/05;03:23:00;;;;;;;;;;;;;;;;;;;;;;;;;;;;;;;;93;16,74;;;;;;;;;;;;;;;;;;
99,00000;2026/07/05;03:18:00;;;;;;;;;;;;;;;;;;;;;;;;;;;;;;;;97;17,68;;;;;;;;;;;;;;;;;;
100,00000;2026/07/05;03:13:00;;;;;;;;;;;;;;;;;;;;;;;;;;;;;;;;99;17,78;;;;;;;;;;;;;;;;;;
101,00000;2026/07/05;03:08:00;;;;;;;;;;;;;;;;;;;;;;;;;;;;;;;;102;18,11;;;;;;;;;;;;;;;;;;
102,00000;2026/07/05;03:03:00;;;;;;;;;;;;;;;;;;;;;;;;;;;;;;;;105;18,50;;;;;;;;;;;;;;;;;;
103,00000;2026/07/05;02:58:00;;;;;;;;;;;;;;;;;;;;;;;;;;;;;;;;111;19,54;;;;;;;;;;;;;;;;;;
104,00000;2026/07/05;02:53:00;;;;;;;;;;;;;;;;;;;;;;;;;;;;;;;;117;20,10;;;;;;;;;;;;;;;;;;
105,00000;2026/07/05;02:48:00;;;;;;;;;;;;;;;;;;;;;;;;;;;;;;;;121;20,96;;;;;;;;;;;;;;;;;;
106,00000;2026/07/05;02:43:00;;;;;;;;;;;;;;;;;;;;;;;;;;;;;;;;123;21,18;;;;;;;;;;;;;;;;;;
107,00000;2026/07/05;02:38:00;;;;;;;;;;;;;;;;;;;;;;;;;;;;;;;;134;22,43;;;;;;;;;;;;;;;;;;
108,00000;2026/07/05;02:33:00;;;;;;;;;;;;;;;;;;;;;;;;;;;;;;;;149;25,03;;;;;;;;;;;;;;;;;;
109,00000;2026/07/05;02:28:00;;;;;;;;;;;;;;;;;;;;;;;;;;;;;;;;162;26,98;;;;;;;;;;;;;;;;;;
110,00000;2026/07/05;02:23:00;;;;;;;;;;;;;;;;;;;;;;;;;;;;;;;;167;27,31;;;;;;;;;;;;;;;;;;
111,00000;2026/07/05;02:18:00;;;;;;;;;;;;;;;;;;;;;;;;;;;;;;;;174;27,99;;;;;;;;;;;;;;;;;;
112,00000;2026/07/05;02:13:00;;;;;;;;;;;;;;;;;;;;;;;;;;;;;;;;180;29,00;;;;;;;;;;;;;;;;;;
113,00000;2026/07/05;02:08:00;;;;;;;;;;;;;;;;;;;;;;;;;;;;;;;;184;29,45;;;;;;;;;;;;;;;;;;
114,00000;2026/07/05;02:03:00;;;;;;;;;;;;;;;;;;;;;;;;;;;;;;;;190;30,30;;;;;;;;;;;;;;;;;;
115,00000;2026/07/05;01:58:00;;;;;;;;;;;;;;;;;;;;;;;;;;;;;;;;197;30,94;;;;;;;;;;;;;;;;;;
116,00000;2026/07/05;01:53:00;;;;;;;;;;;;;;;;;;;;;;;;;;;;;;;;202;32,26;;;;;;;;;;;;;;;;;;
117,00000;2026/07/05;01:48:00;;;;;;;;;;;;;;;;;;;;;;;;;;;;;;;;201;32,07;;;;;;;;;;;;;;;;;;
118,00000;2026/07/05;01:43:00;;;;;;;;;;;;;;;;;;;;;;;;;;;;;;;;197;31,89;;;;;;;;;;;;;;;;;;
119,00000;2026/07/05;01:38:00;;;;;;;;;;;;;;;;;;;;;;;;;;;;;;;;199;32,00;;;;;;;;;;;;;;;;;;
120,00000;2026/07/05;01:33:00;;;;;;;;;;;;;;;;;;;;;;;;;;;;;;;;193;30,89;;;;;;;;;;;;;;;;;;
121,00000;2026/07/05;01:28:00;;;;;;;;;;;;;;;;;;;;;;;;;;;;;;;;184;30,01;;;;;;;;;;;;;;;;;;
122,00000;2026/07/05;01:23:00;;;;;;;;;;;;;;;;;;;;;;;;;;;;;;;;175;28,46;;;;;;;;;;;;;;;;;;
123,00000;2026/07/05;01:18:00;;;;;;;;;;;;;;;;;;;;;;;;;;;;;;;;173;28,10;;;;;;;;;;;;;;;;;;
124,00000;2026/07/05;01:13:00;;;;;;;;;;;;;;;;;;;;;;;;;;;;;;;;163;27,07;;;;;;;;;;;;;;;;;;
125,00000;2026/07/05;01:08:00;;;;;;;;;;;;;;;;;;;;;;;;;;;;;;;;160;26,49;;;;;;;;;;;;;;;;;;
126,00000;2026/07/05;01:03:00;;;;;;;;;;;;;;;;;;;;;;;;;;;;;;;;155;25,10;;;;;;;;;;;;;;;;;;
127,00000;2026/07/05;00:58:00;;;;;;;;;;;;;;;;;;;;;;;;;;;;;;;;156;25,84;;;;;;;;;;;;;;;;;;
128,00000;2026/07/05;00:53:00;;;;;;;;;;;;;;;;;;;;;;;;;;;;;;;;156;25,45;;;;;;;;;;;;;;;;;;
129,00000;2026/07/05;00:48:00;;;;;;;;;;;;;;;;;;;;;;;;;;;;;;;;146;24,29;;;;;;;;;;;;;;;;;;
130,00000;2026/07/05;00:43:00;;;;;;;;;;;;;;;;;;;;;;;;;;;;;;;;143;23,88;;;;;;;;;;;;;;;;;;
131,00000;2026/07/05;00:38:00;;;;;;;;;;;;;;;;;;;;;;;;;;;;;;;;145;24,11;;;;;;;;;;;;;;;;;;
132,00000;2026/07/05;00:33:00;;;;;;;;;;;;;;;;;;;;;;;;;;;;;;;;143;23,77;;;;;;;;;;;;;;;;;;
133,00000;2026/07/05;00:28:00;;;;;;;;;;;;;;;;;;;;;;;;;;;;;;;;138;23,40;;;;;;;;;;;;;;;;;;
134,00000;2026/07/05;00:23:00;;;;;;;;;;;;;;;;;;;;;;;;;;;;;;;;137;23,46;;;;;;;;;;;;;;;;;;
135,00000;2026/07/05;00:18:00;;;;;;;;;;;;;;;;;;;;;;;;;;;;;;;;136;23,02;;;;;;;;;;;;;;;;;;
136,00000;2026/07/05;00:13:00;;;;;;;;;;;;;;;;;;;;;;;;;;;;;;;;129;22,06;;;;;;;;;;;;;;;;;;
137,00000;2026/07/05;00:08:00;;;;;;;;;;;;;;;;;;;;;;;;;;;;;;;;120;20,51;;;;;;;;;;;;;;;;;;
138,00000;2026/07/05;00:03:00;;;;;;;;;;;;;;;;;;;;;;;;;;;;;;;;104;18,52;;;;;;;;;;;;;;;;;;
139,00000;2026/07/04;23:58:00;;;;;;;;;;;;;;;;;;;;;;;;;;;;;;;;83;15,48;;;;;;;;;;;;;;;;;;
140,00000;2026/07/04;23:53:00;;;;;;;;;;;;;;;;;;;;;;;;;;;;;;;;69;13,44;;;;;;;;;;;;;;;;;;
141,00000;2026/07/04;23:48:00;;;;;;;;;;;;;;;;;;;;;;;;;;;;;;;;62;12,98;;;;;;;;;;;;;;;;;;
142,00000;2026/07/04;23:43:00;;;;;;;;;;;;;;;;;;;;;;;;;;;;;;;;64;13,03;;;;;;;;;;;;;;;;;;
143,00000;2026/07/04;23:38:00;;;;;;;;;;;;;;;;;;;;;;;;;;;;;;;;70;13,98;;;;;;;;;;;;;;;;;;
144,00000;2026/07/04;23:33:00;;;;;;;;;;;;;;;;;;;;;;;;;;;;;;;;79;15,08;;;;;;;;;;;;;;;;;;
145,00000;2026/07/04;23:28:00;;;;;;;;;;;;;;;;;;;;;;;;;;;;;;;;86;16,26;;;;;;;;;;;;;;;;;;
146,00000;2026/07/04;23:23:00;;;;;;;;;;;;;;;;;;;;;;;;;;;;;;;;91;16,83;;;;;;;;;;;;;;;;;;
147,00000;2026/07/04;23:18:00;;;;;;;;;;;;;;;;;;;;;;;;;;;;;;;;92;17,19;;;;;;;;;;;;;;;;;;
148,00000;2026/07/04;23:13:00;;;;;;;;;;;;;;;;;;;;;;;;;;;;;;;;87;16,41;;;;;;;;;;;;;;;;;;
149,00000;2026/07/04;23:08:00;;;;;;;;;;;;;;;;;;;;;;;;;;;;;;;;83;16,09;;;;;;;;;;;;;;;;;;
150,00000;2026/07/04;23:03:00;;;;;;;;;;;;;;;;;;;;;;;;;;;;;;;;77;15,26;;;;;;;;;;;;;;;;;;
151,00000;2026/07/04;22:58:00;;;;;;;;;;;;;;;;;;;;;;;;;;;;;;;;84;15,93;;;;;;;;;;;;;;;;;;
152,00000;2026/07/04;22:53:00;;;;;;;;;;;;;;;;;;;;;;;;;;;;;;;;94;17,07;;;;;;;;;;;;;;;;;;
153,00000;2026/07/04;22:48:00;;;;;;;;;;;;;;;;;;;;;;;;;;;;;;;;101;18,02;;;;;;;;;;;;;;;;;;
154,00000;2026/07/04;22:43:00;;;;;;;;;;;;;;;;;;;;;;;;;;;;;;;;105;18,94;;;;;;;;;;;;;;;;;;
155,00000;2026/07/04;22:38:00;;;;;;;;;;;;;;;;;;;;;;;;;;;;;;;;111;19,32;;;;;;;;;;;;;;;;;;
156,00000;2026/07/04;22:33:00;;;;;;;;;;;;;;;;;;;;;;;;;;;;;;;;115;19,89;;;;;;;;;;;;;;;;;;
157,00000;2026/07/04;22:28:00;;;;;;;;;;;;;;;;;;;;;;;;;;;;;;;;120;20,84;;;;;;;;;;;;;;;;;;
158,00000;2026/07/04;22:23:00;;;;;;;;;;;;;;;;;;;;;;;;;;;;;;;;137;23,02;;;;;;;;;;;;;;;;;;
159,00000;2026/07/04;22:18:00;;;;;;;;;;;;;;;;;;;;;;;;;;;;;;;;149;25,16;;;;;;;;;;;;;;;;;;
160,00000;2026/07/04;22:13:00;;;;;;;;;;;;;;;;;;;;;;;;;;;;;;;;161;26,11;;;;;;;;;;;;;;;;;;
161,00000;2026/07/04;22:08:00;;;;;;;;;;;;;;;;;;;;;;;;;;;;;;;;169;27,42;;;;;;;;;;;;;;;;;;
162,00000;2026/07/04;22:03:00;;;;;;;;;;;;;;;;;;;;;;;;;;;;;;;;166;27,22;;;;;;;;;;;;;;;;;;
163,00000;2026/07/04;21:58:00;;;;;;;;;;;;;;;;;;;;;;;;;;;;;;;;164;27,13;;;;;;;;;;;;;;;;;;
164,00000;2026/07/04;21:53:00;;;;;;;;;;;;;;;;;;;;;;;;;;;;;;;;161;26,61;;;;;;;;;;;;;;;;;;
165,00000;2026/07/04;21:48:00;;;;;;;;;;;;;;;;;;;;;;;;;;;;;;;;158;26,12;;;;;;;;;;;;;;;;;;
166,00000;2026/07/04;21:43:00;;;;;;;;;;;;;;;;;;;;;;;;;;;;;;;;165;27,02;;;;;;;;;;;;;;;;;;
167,00000;2026/07/04;21:38:00;;;;;;;;;;;;;;;;;;;;;;;;;;;;;;;;178;28,81;;;;;;;;;;;;;;;;;;
168,00000;2026/07/04;21:33:00;;;;;;;;;;;;;;;;;;;;;;;;;;;;;;;;188;29,98;;;;;;;;;;;;;;;;;;
169,00000;2026/07/04;21:28:00;;;;;;;;;;;;;;;;;;;;;;;;;;;;;;;;203;32,20;;;;;;;;;;;;;;;;;;
170,00000;2026/07/04;21:23:00;;;;;;;;;;;;;;;;;;;;;;;;;;;;;;;;214;34,24;;;;;;;;;;;;;;;;;;
171,00000;2026/07/04;21:18:00;;;;;;;;;;;;;;;;;;;;;;;;;;;;;;;;220;34,46;;;;;;;;;;;;;;;;;;
172,00000;2026/07/04;21:13:00;;;;;;;;;;;;;;;;;;;;;;;;;;;;;;;;224;35,42;;;;;;;;;;;;;;;;;;
173,00000;2026/07/04;21:08:00;;;;;;;;;;;;;;;;;;;;;;;;;;;;;;;;233;36,28;;;;;;;;;;;;;;;;;;
174,00000;2026/07/04;21:03:00;;;;;;;;;;;;;;;;;;;;;;;;;;;;;;;;245;37,85;;;;;;;;;;;;;;;;;;
175,00000;2026/07/04;20:58:00;;;;;;;;;;;;;;;;;;;;;;;;;;;;;;;;253;39,32;;;;;;;;;;;;;;;;;;
176,00000;2026/07/04;20:53:00;;;;;;;;;;;;;;;;;;;;;;;;;;;;;;;;263;40,38;;;;;;;;;;;;;;;;;;
177,00000;2026/07/04;20:48:00;;;;;;;;;;;;;;;;;;;;;;;;;;;;;;;;269;41,10;;;;;;;;;;;;;;;;;;
178,00000;2026/07/04;20:43:00;;;;;;;;;;;;;;;;;;;;;;;;;;;;;;;;275;41,85;;;;;;;;;;;;;;;;;;
179,00000;2026/07/04;20:38:00;;;;;;;;;;;;;;;;;;;;;;;;;;;;;;;;274;41,84;;;;;;;;;;;;;;;;;;
180,00000;2026/07/04;20:33:00;;;;;;;;;;;;;;;;;;;;;;;;;;;;;;;;271;41,94;;;;;;;;;;;;;;;;;;
181,00000;2026/07/04;20:28:00;;;;;;;;;;;;;;;;;;;;;;;;;;;;;;;;264;40,61;;;;;;;;;;;;;;;;;;
182,00000;2026/07/04;20:23:00;;;;;;;;;;;;;;;;;;;;;;;;;;;;;;;;259;39,72;;;;;;;;;;;;;;;;;;
183,00000;2026/07/04;20:18:00;;;;;;;;;;;;;;;;;;;;;;;;;;;;;;;;247;38,02;;;;;;;;;;;;;;;;;;
184,00000;2026/07/04;20:13:00;;;;;;;;;;;;;;;;;;;;;;;;;;;;;;;;243;37,25;;;;;;;;;;;;;;;;;;
185,00000;2026/07/04;20:08:00;;;;;;;;;;;;;;;;;;;;;;;;;;;;;;;;240;37,89;;;;;;;;;;;;;;;;;;
186,00000;2026/07/04;20:03:00;;;;;;;;;;;;;;;;;;;;;;;;;;;;;;;;230;35,78;;;;;;;;;;;;;;;;;;
187,00000;2026/07/04;19:58:00;;;;;;;;;;;;;;;;;;;;;;;;;;;;;;;;217;34,10;;;;;;;;;;;;;;;;;;
188,00000;2026/07/04;19:53:00;;;;;;;;;;;;;;;;;;;;;;;;;;;;;;;;204;32,35;;;;;;;;;;;;;;;;;;
189,00000;2026/07/04;19:48:00;;;;;;;;;;;;;;;;;;;;;;;;;;;;;;;;187;29,75;;;;;;;;;;;;;;;;;;
190,00000;2026/07/04;19:43:00;;;;;;;;;;;;;;;;;;;;;;;;;;;;;;;;171;27,45;;;;;;;;;;;;;;;;;;
191,00000;2026/07/04;19:38:00;;;;;;;;;;;;;;;;;;;;;;;;;;;;;;;;161;26,48;;;;;;;;;;;;;;;;;;
192,00000;2026/07/04;19:33:00;;;;;;;;;;;;;;;;;;;;;;;;;;;;;;;;148;24,39;;;;;;;;;;;;;;;;;;
193,00000;2026/07/04;19:28:00;;;;;;;;;;;;;;;;;;;;;;;;;;;;;;;;134;22,68;;;;;;;;;;;;;;;;;;
194,00000;2026/07/04;19:23:00;;;;;;;;;;;;;;;;;;;;;;;;;;;;;;;;125;21,23;;;;;;;;;;;;;;;;;;
195,00000;2026/07/04;19:18:00;;;;;;;;;;;;;;;;;;;;;;;;;;;;;;;;117;20,31;;;;;;;;;;;;;;;;;;
196,00000;2026/07/04;19:13:00;;;;;;;;;;;;;;;;;;;;;;;;;;;;;;;;115;19,54;;;;;;;;;;;;;;;;;;
197,00000;2026/07/04;19:08:00;;;;;;;;;;;;;;;;;;;;;;;;;;;;;;;;119;21,47;;;;;;;;;;;;;;;;;;
198,00000;2026/07/04;19:03:00;;;;;;;;;;;;;;;;;;;;;;;;;;;;;;;;122;21,06;;;;;;;;;;;;;;;;;;
199,00000;2026/07/04;18:58:00;;;;;;;;;;;;;;;;;;;;;;;;;;;;;;;;123;21,22;;;;;;;;;;;;;;;;;;
200,00000;2026/07/04;18:53:00;;;;;;;;;;;;;;;;;;;;;;;;;;;;;;;;131;22,14;;;;;;;;;;;;;;;;;;
201,00000;2026/07/04;18:48:00;;;;;;;;;;;;;;;;;;;;;;;;;;;;;;;;132;22,73;;;;;;;;;;;;;;;;;;
202,00000;2026/07/04;18:43:00;;;;;;;;;;;;;;;;;;;;;;;;;;;;;;;;136;22,54;;;;;;;;;;;;;;;;;;
203,00000;2026/07/04;18:38:00;;;;;;;;;;;;;;;;;;;;;;;;;;;;;;;;133;22,99;;;;;;;;;;;;;;;;;;
204,00000;2026/07/04;18:33:00;;;;;;;;;;;;;;;;;;;;;;;;;;;;;;;;135;22,79;;;;;;;;;;;;;;;;;;
205,00000;2026/07/04;18:28:00;;;;;;;;;;;;;;;;;;;;;;;;;;;;;;;;138;22,75;;;;;;;;;;;;;;;;;;
206,00000;2026/07/04;18:23:00;;;;;;;;;;;;;;;;;;;;;;;;;;;;;;;;141;23,58;;;;;;;;;;;;;;;;;;
207,00000;2026/07/04;18:18:00;;;;;;;;;;;;;;;;;;;;;;;;;;;;;;;;142;23,86;;;;;;;;;;;;;;;;;;
208,00000;2026/07/04;18:13:00;;;;;;;;;;;;;;;;;;;;;;;;;;;;;;;;138;23,75;;;;;;;;;;;;;;;;;;
209,00000;2026/07/04;18:08:00;;;;;;;;;;;;;;;;;;;;;;;;;;;;;;;;135;22,41;;;;;;;;;;;;;;;;;;
210,00000;2026/07/04;18:03:00;;;;;;;;;;;;;;;;;;;;;;;;;;;;;;;;132;22,64;;;;;;;;;;;;;;;;;;
211,00000;2026/07/04;17:58:00;;;;;;;;;;;;;;;;;;;;;;;;;;;;;;;;137;23,02;;;;;;;;;;;;;;;;;;
212,00000;2026/07/04;17:53:00;;;;;;;;;;;;;;;;;;;;;;;;;;;;;;;;142;23,48;;;;;;;;;;;;;;;;;;
213,00000;2026/07/04;17:48:00;;;;;;;;;;;;;;;;;;;;;;;;;;;;;;;;144;24,32;;;;;;;;;;;;;;;;;;
214,00000;2026/07/04;17:43:00;;;;;;;;;;;;;;;;;;;;;;;;;;;;;;;;146;24,54;;;;;;;;;;;;;;;;;;
215,00000;2026/07/04;17:38:00;;;;;;;;;;;;;;;;;;;;;;;;;;;;;;;;156;25,81;;;;;;;;;;;;;;;;;;
216,00000;2026/07/04;17:33:00;;;;;;;;;;;;;;;;;;;;;;;;;;;;;;;;168;27,65;;;;;;;;;;;;;;;;;;
217,00000;2026/07/04;17:28:00;;;;;;;;;;;;;;;;;;;;;;;;;;;;;;;;175;28,19;;;;;;;;;;;;;;;;;;
218,00000;2026/07/04;17:23:00;;;;;;;;;;;;;;;;;;;;;;;;;;;;;;;;178;28,44;;;;;;;;;;;;;;;;;;
219,00000;2026/07/04;17:18:00;;;;;;;;;;;;;;;;;;;;;;;;;;;;;;;;182;29,47;;;;;;;;;;;;;;;;;;
220,00000;2026/07/04;17:13:00;;;;;;;;;;;;;;;;;;;;;;;;;;;;;;;;187;30,20;;;;;;;;;;;;;;;;;;
221,00000;2026/07/04;17:08:00;;;;;;;;;;;;;;;;;;;;;;;;;;;;;;;;195;30,86;;;;;;;;;;;;;;;;;;
222,00000;2026/07/04;17:03:00;;;;;;;;;;;;;;;;;;;;;;;;;;;;;;;;195;31,31;;;;;;;;;;;;;;;;;;
223,00000;2026/07/04;16:58:00;;;;;;;;;;;;;;;;;;;;;;;;;;;;;;;;193;30,86;;;;;;;;;;;;;;;;;;
224,00000;2026/07/04;16:53:00;;;;;;;;;;;;;;;;;;;;;;;;;;;;;;;;187;30,27;;;;;;;;;;;;;;;;;;
225,00000;2026/07/04;16:48:00;;;;;;;;;;;;;;;;;;;;;;;;;;;;;;;;185;29,90;;;;;;;;;;;;;;;;;;
226,00000;2026/07/04;16:43:00;;;;;;;;;;;;;;;;;;;;;;;;;;;;;;;;184;29,73;;;;;;;;;;;;;;;;;;
227,00000;2026/07/04;16:38:00;;;;;;;;;;;;;;;;;;;;;;;;;;;;;;;;186;30,22;;;;;;;;;;;;;;;;;;
228,00000;2026/07/04;16:33:00;;;;;;;;;;;;;;;;;;;;;;;;;;;;;;;;186;30,03;;;;;;;;;;;;;;;;;;
229,00000;2026/07/04;16:28:00;;;;;;;;;;;;;;;;;;;;;;;;;;;;;;;;195;31,54;;;;;;;;;;;;;;;;;;
230,00000;2026/07/04;16:23:00;;;;;;;;;;;;;;;;;;;;;;;;;;;;;;;;205;32,79;;;;;;;;;;;;;;;;;;
231,00000;2026/07/04;16:18:00;;;;;;;;;;;;;;;;;;;;;;;;;;;;;;;;219;34,64;;;;;;;;;;;;;;;;;;
232,00000;2026/07/04;16:13:00;;;;;;;;;;;;;;;;;;;;;;;;;;;;;;;;231;35,90;;;;;;;;;;;;;;;;;;
233,00000;2026/07/04;16:08:00;;;;;;;;;;;;;;;;;;;;;;;;;;;;;;;;240;37,17;;;;;;;;;;;;;;;;;;
234,00000;2026/07/04;16:03:00;;;;;;;;;;;;;;;;;;;;;;;;;;;;;;;;245;38,00;;;;;;;;;;;;;;;;;;
235,00000;2026/07/04;15:58:00;;;;;;;;;;;;;;;;;;;;;;;;;;;;;;;;243;37,46;;;;;;;;;;;;;;;;;;
236,00000;2026/07/04;15:53:00;;;;;;;;;;;;;;;;;;;;;;;;;;;;;;;;237;37,10;;;;;;;;;;;;;;;;;;
237,00000;2026/07/04;15:48:00;;;;;;;;;;;;;;;;;;;;;;;;;;;;;;;;233;36,85;;;;;;;;;;;;;;;;;;
238,00000;2026/07/04;15:43:00;;;;;;;;;;;;;;;;;;;;;;;;;;;;;;;;224;34,98;;;;;;;;;;;;;;;;;;
239,00000;2026/07/04;15:38:00;;;;;;;;;;;;;;;;;;;;;;;;;;;;;;;;216;34,25;;;;;;;;;;;;;;;;;;
240,00000;2026/07/04;15:33:00;;;;;;;;;;;;;;;;;;;;;;;;;;;;;;;;202;32,30;;;;;;;;;;;;;;;;;;
241,00000;2026/07/04;15:28:00;;;;;;;;;;;;;;;;;;;;;;;;;;;;;;;;186;29,41;;;;;;;;;;;;;;;;;;
242,00000;2026/07/04;15:23:00;;;;;;;;;;;;;;;;;;;;;;;;;;;;;;;;177;28,49;;;;;;;;;;;;;;;;;;
243,00000;2026/07/04;15:18:00;;;;;;;;;;;;;;;;;;;;;;;;;;;;;;;;170;27,94;;;;;;;;;;;;;;;;;;
244,00000;2026/07/04;15:13:00;;;;;;;;;;;;;;;;;;;;;;;;;;;;;;;;165;27,16;;;;;;;;;;;;;;;;;;
245,00000;2026/07/04;15:08:00;;;;;;;;;;;;;;;;;;;;;;;;;;;;;;;;165;27,36;;;;;;;;;;;;;;;;;;
246,00000;2026/07/04;15:03:00;;;;;;;;;;;;;;;;;;;;;;;;;;;;;;;;176;28,41;;;;;;;;;;;;;;;;;;
247,00000;2026/07/04;14:58:00;;;;;;;;;;;;;;;;;;;;;;;;;;;;;;;;185;29,83;;;;;;;;;;;;;;;;;;
248,00000;2026/07/04;14:53:00;;;;;;;;;;;;;;;;;;;;;;;;;;;;;;;;180;29,21;;;;;;;;;;;;;;;;;;
249,00000;2026/07/04;14:48:00;;;;;;;;;;;;;;;;;;;;;;;;;;;;;;;;174;28,25;;;;;;;;;;;;;;;;;;
250,00000;2026/07/04;14:43:00;;;;;;;;;;;;;;;;;;;;;;;;;;;;;;;;167;27,18;;;;;;;;;;;;;;;;;;
251,00000;2026/07/04;14:38:00;;;;;;;;;;;;;;;;;;;;;;;;;;;;;;;;164;26,67;;;;;;;;;;;;;;;;;;
252,00000;2026/07/04;14:33:00;;;;;;;;;;;;;;;;;;;;;;;;;;;;;;;;158;25,97;;;;;;;;;;;;;;;;;;
253,00000;2026/07/04;14:28:00;;;;;;;;;;;;;;;;;;;;;;;;;;;;;;;;144;24,16;;;;;;;;;;;;;;;;;;
254,00000;2026/07/04;14:23:00;;;;;;;;;;;;;;;;;;;;;;;;;;;;;;;;133;22,87;;;;;;;;;;;;;;;;;;
255,00000;2026/07/04;14:18:00;;;;;;;;;;;;;;;;;;;;;;;;;;;;;;;;134;22,60;;;;;;;;;;;;;;;;;;
256,00000;2026/07/04;14:13:00;;;;;;;;;;;;;;;;;;;;;;;;;;;;;;;;135;22,86;;;;;;;;;;;;;;;;;;
257,00000;2026/07/04;14:08:00;;;;;;;;;;;;;;;;;;;;;;;;;;;;;;;;128;21,65;;;;;;;;;;;;;;;;;;
258,00000;2026/07/04;14:03:00;;;;;;;;;;;;;;;;;;;;;;;;;;;;;;;;115;20,30;;;;;;;;;;;;;;;;;;
259,00000;2026/07/04;13:58:00;;;;;;;;;;;;;;;;;;;;;;;;;;;;;;;;110;19,44;;;;;;;;;;;;;;;;;;
260,00000;2026/07/04;13:53:00;;;;;;;;;;;;;;;;;;;;;;;;;;;;;;;;102;17,95;;;;;;;;;;;;;;;;;;
261,00000;2026/07/04;13:48:00;;;;;;;;;;;;;;;;;;;;;;;;;;;;;;;;105;18,39;;;;;;;;;;;;;;;;;;
262,00000;2026/07/04;13:43:00;;;;;;;;;;;;;;;;;;;;;;;;;;;;;;;;114;19,37;;;;;;;;;;;;;;;;;;
263,00000;2026/07/04;13:38:00;;;;;;;;;;;;;;;;;;;;;;;;;;;;;;;;120;20,43;;;;;;;;;;;;;;;;;;
264,00000;2026/07/04;13:33:00;;;;;;;;;;;;;;;;;;;;;;;;;;;;;;;;129;22,33;;;;;;;;;;;;;;;;;;
265,00000;2026/07/04;13:28:00;;;;;;;;;;;;;;;;;;;;;;;;;;;;;;;;138;23,01;;;;;;;;;;;;;;;;;;
266,00000;2026/07/04;13:23:00;;;;;;;;;;;;;;;;;;;;;;;;;;;;;;;;141;23,63;;;;;;;;;;;;;;;;;;
267,00000;2026/07/04;13:18:00;;;;;;;;;;;;;;;;;;;;;;;;;;;;;;;;129;21,81;;;;;;;;;;;;;;;;;;
268,00000;2026/07/04;13:13:00;;;;;;;;;;;;;;;;;;;;;;;;;;;;;;;;122;20,80;;;;;;;;;;;;;;;;;;
269,00000;2026/07/04;13:08:00;;;;;;;;;;;;;;;;;;;;;;;;;;;;;;;;107;19,32;;;;;;;;;;;;;;;;;;
270,00000;2026/07/04;13:03:00;;;;;;;;;;;;;;;;;;;;;;;;;;;;;;;;98;17,38;;;;;;;;;;;;;;;;;;
271,00000;2026/07/04;12:58:00;;;;;;;;;;;;;;;;;;;;;;;;;;;;;;;;92;16,60;;;;;;;;;;;;;;;;;;
272,00000;2026/07/04;12:53:00;;;;;;;;;;;;;;;;;;;;;;;;;;;;;;;;81;15,68;;;;;;;;;;;;;;;;;;
273,00000;2026/07/04;12:48:00;;;;;;;;;;;;;;;;;;;;;;;;;;;;;;;;69;13,77;;;;;;;;;;;;;;;;;;
274,00000;2026/07/04;12:43:00;;;;;;;;;;;;;;;;;;;;;;;;;;;;;;;;64;12,91;;;;;;;;;;;;;;;;;;
275,00000;2026/07/04;12:38:00;;;;;;;;;;;;;;;;;;;;;;;;;;;;;;;;59;12,14;;;;;;;;;;;;;;;;;;
276,00000;2026/07/04;12:33:00;;;;;;;;;;;;;;;;;;;;;;;;;;;;;;;;57;12,29;;;;;;;;;;;;;;;;;;
277,00000;2026/07/04;12:28:00;;;;;;;;;;;;;;;;;;;;;;;;;;;;;;;;52;11,43;;;;;;;;;;;;;;;;;;
278,00000;2026/07/04;12:23:00;;;;;;;;;;;;;;;;;;;;;;;;;;;;;;;;58;12,54;;;;;;;;;;;;;;;;;;
279,00000;2026/07/04;12:18:00;;;;;;;;;;;;;;;;;;;;;;;;;;;;;;;;61;12,38;;;;;;;;;;;;;;;;;;
280,00000;2026/07/04;12:13:00;;;;;;;;;;;;;;;;;;;;;;;;;;;;;;;;59;12,42;;;;;;;;;;;;;;;;;;
281,00000;2026/07/04;12:08:00;;;;;;;;;;;;;;;;;;;;;;;;;;;;;;;;58;11,90;;;;;;;;;;;;;;;;;;
282,00000;2026/07/04;12:03:00;;;;;;;;;;;;;;;;;;;;;;;;;;;;;;;;58;12,27;;;;;;;;;;;;;;;;;;
283,00000;2026/07/04;11:58:00;;;;;;;;;;;;;;;;;;;;;;;;;;;;;;;;67;13,31;;;;;;;;;;;;;;;;;;
284,00000;2026/07/04;11:53:00;;;;;;;;;;;;;;;;;;;;;;;;;;;;;;;;83;15,55;;;;;;;;;;;;;;;;;;
285,00000;2026/07/04;11:48:00;;;;;;;;;;;;;;;;;;;;;;;;;;;;;;;;92;16,95;;;;;;;;;;;;;;;;;;
286,00000;2026/07/04;11:43:00;;;;;;;;;;;;;;;;;;;;;;;;;;;;;;;;102;18,54;;;;;;;;;;;;;;;;;;
287,00000;2026/07/04;11:38:00;;;;;;;;;;;;;;;;;;;;;;;;;;;;;;;;112;19,07;;;;;;;;;;;;;;;;;;
288,00000;2026/07/04;11:33:00;;;;;;;;;;;;;;;;;;;;;;;;;;;;;;;;119;20,49;;;;;;;;;;;;;;;;;;
289,00000;2026/07/04;11:28:00;;;;;;;;;;;;;;;;;;;;;;;;;;;;;;;;126;21,36;;;;;;;;;;;;;;;;;;
290,00000;2026/07/04;11:23:00;;;;;;;;;;;;;;;;;;;;;;;;;;;;;;;;132;22,85;;;;;;;;;;;;;;;;;;
291,00000;2026/07/04;11:18:00;;;;;;;;;;;;;;;;;;;;;;;;;;;;;;;;133;22,24;;;;;;;;;;;;;;;;;;
292,00000;2026/07/04;11:13:00;;;;;;;;;;;;;;;;;;;;;;;;;;;;;;;;124;21,11;;;;;;;;;;;;;;;;;;
293,00000;2026/07/04;11:08:00;;;;;;;;;;;;;;;;;;;;;;;;;;;;;;;;120;21,26;;;;;;;;;;;;;;;;;;
294,00000;2026/07/04;11:03:00;;;;;;;;;;;;;;;;;;;;;;;;;;;;;;;;122;21,31;;;;;;;;;;;;;;;;;;
295,00000;2026/07/04;10:58:00;;;;;;;;;;;;;;;;;;;;;;;;;;;;;;;;121;21,07;;;;;;;;;;;;;;;;;;
296,00000;2026/07/04;10:53:00;;;;;;;;;;;;;;;;;;;;;;;;;;;;;;;;115;20,16;;;;;;;;;;;;;;;;;;
297,00000;2026/07/04;10:48:00;;;;;;;;;;;;;;;;;;;;;;;;;;;;;;;;113;19,69;;;;;;;;;;;;;;;;;;
298,00000;2026/07/04;10:43:00;;;;;;;;;;;;;;;;;;;;;;;;;;;;;;;;119;20,60;;;;;;;;;;;;;;;;;;
299,00000;2026/07/04;10:38:00;;;;;;;;;;;;;;;;;;;;;;;;;;;;;;;;124;21,19;;;;;;;;;;;;;;;;;;
300,00000;2026/07/04;10:33:00;;;;;;;;;;;;;;;;;;;;;;;;;;;;;;;;120;20,94;;;;;;;;;;;;;;;;;;
301,00000;2026/07/04;10:28:00;;;;;;;;;;;;;;;;;;;;;;;;;;;;;;;;109;19,36;;;;;;;;;;;;;;;;;;
302,00000;2026/07/04;10:23:00;;;;;;;;;;;;;;;;;;;;;;;;;;;;;;;;105;19,25;;;;;;;;;;;;;;;;;;
303,00000;2026/07/04;10:18:00;;;;;;;;;;;;;;;;;;;;;;;;;;;;;;;;105;18,70;;;;;;;;;;;;;;;;;;
304,00000;2026/07/04;10:13:00;;;;;;;;;;;;;;;;;;;;;;;;;;;;;;;;105;18,53;;;;;;;;;;;;;;;;;;
305,00000;2026/07/04;10:08:00;;;;;;;;;;;;;;;;;;;;;;;;;;;;;;;;102;18,33;;;;;;;;;;;;;;;;;;
306,00000;2026/07/04;10:03:00;;;;;;;;;;;;;;;;;;;;;;;;;;;;;;;;102;18,17;;;;;;;;;;;;;;;;;;
307,00000;2026/07/04;09:58:00;;;;;;;;;;;;;;;;;;;;;;;;;;;;;;;;97;17,07;;;;;;;;;;;;;;;;;;
308,00000;2026/07/04;09:53:00;;;;;;;;;;;;;;;;;;;;;;;;;;;;;;;;103;18,87;;;;;;;;;;;;;;;;;;
309,00000;2026/07/04;09:48:00;;;;;;;;;;;;;;;;;;;;;;;;;;;;;;;;108;19,00;;;;;;;;;;;;;;;;;;
310,00000;2026/07/04;09:43:00;;;;;;;;;;;;;;;;;;;;;;;;;;;;;;;;102;18,07;;;;;;;;;;;;;;;;;;
311,00000;2026/07/04;09:38:00;;;;;;;;;;;;;;;;;;;;;;;;;;;;;;;;99;18,07;;;;;;;;;;;;;;;;;;
312,00000;2026/07/04;09:33:00;;;;;;;;;;;;;;;;;;;;;;;;;;;;;;;;101;18,56;;;;;;;;;;;;;;;;;;
313,00000;2026/07/04;09:28:00;;;;;;;;;;;;;;;;;;;;;;;;;;;;;;;;108;19,18;;;;;;;;;;;;;;;;;;
314,00000;2026/07/04;09:23:00;;;;;;;;;;;;;;;;;;;;;;;;;;;;;;;;110;19,78;;;;;;;;;;;;;;;;;;
315,00000;2026/07/04;09:18:00;;;;;;;;;;;;;;;;;;;;;;;;;;;;;;;;111;19,35;;;;;;;;;;;;;;;;;;
316,00000;2026/07/04;09:13:00;;;;;;;;;;;;;;;;;;;;;;;;;;;;;;;;109;19,01;;;;;;;;;;;;;;;;;;
317,00000;2026/07/04;09:08:00;;;;;;;;;;;;;;;;;;;;;;;;;;;;;;;;113;19,66;;;;;;;;;;;;;;;;;;
318,00000;2026/07/04;09:03:00;;;;;;;;;;;;;;;;;;;;;;;;;;;;;;;;124;21,63;;;;;;;;;;;;;;;;;;
319,00000;2026/07/04;08:58:00;;;;;;;;;;;;;;;;;;;;;;;;;;;;;;;;125;21,26;;;;;;;;;;;;;;;;;;
320,00000;2026/07/04;08:53:00;;;;;;;;;;;;;;;;;;;;;;;;;;;;;;;;121;21,10;;;;;;;;;;;;;;;;;;
321,00000;2026/07/04;08:48:00;;;;;;;;;;;;;;;;;;;;;;;;;;;;;;;;116;20,26;;;;;;;;;;;;;;;;;;
322,00000;2026/07/04;08:43:00;;;;;;;;;;;;;;;;;;;;;;;;;;;;;;;;101;18,31;;;;;;;;;;;;;;;;;;
323,00000;2026/07/04;08:38:00;;;;;;;;;;;;;;;;;;;;;;;;;;;;;;;;82;15,50;;;;;;;;;;;;;;;;;;
324,00000;2026/07/04;08:33:00;;;;;;;;;;;;;;;;;;;;;;;;;;;;;;;;66;13,65;;;;;;;;;;;;;;;;;;
325,00000;2026/07/04;08:28:00;;;;;;;;;;;;;;;;;;;;;;;;;;;;;;;;58;12,04;;;;;;;;;;;;;;;;;;
326,00000;2026/07/04;08:23:00;;;;;;;;;;;;;;;;;;;;;;;;;;;;;;;;55;11,88;;;;;;;;;;;;;;;;;;
327,00000;2026/07/04;08:18:00;;;;;;;;;;;;;;;;;;;;;;;;;;;;;;;;53;11,18;;;;;;;;;;;;;;;;;;
328,00000;2026/07/04;08:13:00;;;;;;;;;;;;;;;;;;;;;;;;;;;;;;;;53;11,53;;;;;;;;;;;;;;;;;;
329,00000;2026/07/04;08:08:00;;;;;;;;;;;;;;;;;;;;;;;;;;;;;;;;53;11,56;;;;;;;;;;;;;;;;;;
330,00000;2026/07/04;08:03:00;;;;;;;;;;;;;;;;;;;;;;;;;;;;;;;;56;12,04;;;;;;;;;;;;;;;;;;
331,00000;2026/07/04;07:58:00;;;;;;;;;;;;;;;;;;;;;;;;;;;;;;;;56;12,00;;;;;;;;;;;;;;;;;;
332,00000;2026/07/04;07:53:00;;;;;;;;;;;;;;;;;;;;;;;;;;;;;;;;63;12,95;;;;;;;;;;;;;;;;;;
333,00000;2026/07/04;07:48:00;;;;;;;;;;;;;;;;;;;;;;;;;;;;;;;;76;14,71;;;;;;;;;;;;;;;;;;
334,00000;2026/07/04;07:43:00;;;;;;;;;;;;;;;;;;;;;;;;;;;;;;;;84;15,64;;;;;;;;;;;;;;;;;;
335,00000;2026/07/04;07:38:00;;;;;;;;;;;;;;;;;;;;;;;;;;;;;;;;92;16,65;;;;;;;;;;;;;;;;;;
336,00000;2026/07/04;07:33:00;;;;;;;;;;;;;;;;;;;;;;;;;;;;;;;;95;17,17;;;;;;;;;;;;;;;;;;
337,00000;2026/07/04;07:28:00;;;;;;;;;;;;;;;;;;;;;;;;;;;;;;;;92;16,97;;;;;;;;;;;;;;;;;;
338,00000;2026/07/04;07:23:00;;;;;;;;;;;;;;;;;;;;;;;;;;;;;;;;86;15,81;;;;;;;;;;;;;;;;;;
339,00000;2026/07/04;07:18:00;;;;;;;;;;;;;;;;;;;;;;;;;;;;;;;;84;15,80;;;;;;;;;;;;;;;;;;
340,00000;2026/07/04;07:13:00;;;;;;;;;;;;;;;;;;;;;;;;;;;;;;;;86;16,46;;;;;;;;;;;;;;;;;;
341,00000;2026/07/04;07:08:00;;;;;;;;;;;;;;;;;;;;;;;;;;;;;;;;91;16,92;;;;;;;;;;;;;;;;;;
342,00000;2026/07/04;07:03:00;;;;;;;;;;;;;;;;;;;;;;;;;;;;;;;;97;17,56;;;;;;;;;;;;;;;;;;
343,00000;2026/07/04;06:58:00;;;;;;;;;;;;;;;;;;;;;;;;;;;;;;;;107;18,99;;;;;;;;;;;;;;;;;;
344,00000;2026/07/04;06:53:00;;;;;;;;;;;;;;;;;;;;;;;;;;;;;;;;120;20,93;;;;;;;;;;;;;;;;;;
345,00000;2026/07/04;06:48:00;;;;;;;;;;;;;;;;;;;;;;;;;;;;;;;;134;22,98;;;;;;;;;;;;;;;;;;
346,00000;2026/07/04;06:43:00;;;;;;;;;;;;;;;;;;;;;;;;;;;;;;;;137;22,90;;;;;;;;;;;;;;;;;;
347,00000;2026/07/04;06:38:00;;;;;;;;;;;;;;;;;;;;;;;;;;;;;;;;144;24,39;;;;;;;;;;;;;;;;;;
348,00000;2026/07/04;06:33:00;;;;;;;;;;;;;;;;;;;;;;;;;;;;;;;;154;25,60;;;;;;;;;;;;;;;;;;
349,00000;2026/07/04;06:28:00;;;;;;;;;;;;;;;;;;;;;;;;;;;;;;;;160;26,23;;;;;;;;;;;;;;;;;;
350,00000;2026/07/04;06:23:00;;;;;;;;;;;;;;;;;;;;;;;;;;;;;;;;163;26,89;;;;;;;;;;;;;;;;;;
351,00000;2026/07/04;06:18:00;;;;;;;;;;;;;;;;;;;;;;;;;;;;;;;;158;25,61;;;;;;;;;;;;;;;;;;
352,00000;2026/07/04;06:13:00;;;;;;;;;;;;;;;;;;;;;;;;;;;;;;;;159;26,10;;;;;;;;;;;;;;;;;;
353,00000;2026/07/04;06:08:00;;;;;;;;;;;;;;;;;;;;;;;;;;;;;;;;160;26,64;;;;;;;;;;;;;;;;;;
354,00000;2026/07/04;06:03:00;;;;;;;;;;;;;;;;;;;;;;;;;;;;;;;;155;25,16;;;;;;;;;;;;;;;;;;
355,00000;2026/07/04;05:58:00;;;;;;;;;;;;;;;;;;;;;;;;;;;;;;;;163;26,64;;;;;;;;;;;;;;;;;;
356,00000;2026/07/04;05:53:00;;;;;;;;;;;;;;;;;;;;;;;;;;;;;;;;173;27,94;;;;;;;;;;;;;;;;;;
357,00000;2026/07/04;05:48:00;;;;;;;;;;;;;;;;;;;;;;;;;;;;;;;;174;28,07;;;;;;;;;;;;;;;;;;
358,00000;2026/07/04;05:43:00;;;;;;;;;;;;;;;;;;;;;;;;;;;;;;;;174;28,33;;;;;;;;;;;;;;;;;;
359,00000;2026/07/04;05:38:00;;;;;;;;;;;;;;;;;;;;;;;;;;;;;;;;165;27,27;;;;;;;;;;;;;;;;;;
360,00000;2026/07/04;05:33:00;;;;;;;;;;;;;;;;;;;;;;;;;;;;;;;;153;24,99;;;;;;;;;;;;;;;;;;
361,00000;2026/07/04;05:28:00;;;;;;;;;;;;;;;;;;;;;;;;;;;;;;;;151;24,78;;;;;;;;;;;;;;;;;;
362,00000;2026/07/04;05:23:00;;;;;;;;;;;;;;;;;;;;;;;;;;;;;;;;149;25,04;;;;;;;;;;;;;;;;;;
363,00000;2026/07/04;05:18:00;;;;;;;;;;;;;;;;;;;;;;;;;;;;;;;;146;24,43;;;;;;;;;;;;;;;;;;
364,00000;2026/07/04;05:13:00;;;;;;;;;;;;;;;;;;;;;;;;;;;;;;;;134;22,60;;;;;;;;;;;;;;;;;;
365,00000;2026/07/04;05:08:00;;;;;;;;;;;;;;;;;;;;;;;;;;;;;;;;120;20,49;;;;;;;;;;;;;;;;;;
366,00000;2026/07/04;05:03:00;;;;;;;;;;;;;;;;;;;;;;;;;;;;;;;;114;19,72;;;;;;;;;;;;;;;;;;
367,00000;2026/07/04;04:58:00;;;;;;;;;;;;;;;;;;;;;;;;;;;;;;;;101;18,41;;;;;;;;;;;;;;;;;;
368,00000;2026/07/04;04:53:00;;;;;;;;;;;;;;;;;;;;;;;;;;;;;;;;89;16,97;;;;;;;;;;;;;;;;;;
369,00000;2026/07/04;04:48:00;;;;;;;;;;;;;;;;;;;;;;;;;;;;;;;;85;15,77;;;;;;;;;;;;;;;;;;
370,00000;2026/07/04;04:43:00;;;;;;;;;;;;;;;;;;;;;;;;;;;;;;;;85;16,27;;;;;;;;;;;;;;;;;;
371,00000;2026/07/04;04:38:00;;;;;;;;;;;;;;;;;;;;;;;;;;;;;;;;80;15,21;;;;;;;;;;;;;;;;;;
372,00000;2026/07/04;04:33:00;;;;;;;;;;;;;;;;;;;;;;;;;;;;;;;;74;14,11;;;;;;;;;;;;;;;;;;
373,00000;2026/07/04;04:28:00;;;;;;;;;;;;;;;;;;;;;;;;;;;;;;;;76;14,41;;;;;;;;;;;;;;;;;;
374,00000;2026/07/04;04:23:00;;;;;;;;;;;;;;;;;;;;;;;;;;;;;;;;79;15,37;;;;;;;;;;;;;;;;;;
375,00000;2026/07/04;04:18:00;;;;;;;;;;;;;;;;;;;;;;;;;;;;;;;;79;15,12;;;;;;;;;;;;;;;;;;
376,00000;2026/07/04;04:13:00;;;;;;;;;;;;;;;;;;;;;;;;;;;;;;;;81;15,37;;;;;;;;;;;;;;;;;;
377,00000;2026/07/04;04:08:00;;;;;;;;;;;;;;;;;;;;;;;;;;;;;;;;89;16,03;;;;;;;;;;;;;;;;;;
378,00000;2026/07/04;04:03:00;;;;;;;;;;;;;;;;;;;;;;;;;;;;;;;;96;17,32;;;;;;;;;;;;;;;;;;
379,00000;2026/07/04;03:58:00;;;;;;;;;;;;;;;;;;;;;;;;;;;;;;;;106;19,00;;;;;;;;;;;;;;;;;;
380,00000;2026/07/04;03:53:00;;;;;;;;;;;;;;;;;;;;;;;;;;;;;;;;114;19,55;;;;;;;;;;;;;;;;;;
381,00000;2026/07/04;03:48:00;;;;;;;;;;;;;;;;;;;;;;;;;;;;;;;;109;19,80;;;;;;;;;;;;;;;;;;
382,00000;2026/07/04;03:47:02;;;;;;;;;;;;;;;;;;;;;;;;;;;;;;;;;;;;;;;;;;;;;;;;;SENSOR_INIT_CODE;;
383,00000;2026/07/04;03:29:08;;;;;;;;;;;;;;;;;;;;;;;;;;;;;;;;;;;;;;;;;;;;;;;;;SENSOR_CHANGE_SENSOR_ERROR;;
384,00000;2026/07/04;00:00:00;;;;;;;;;;;;;;;;;;;;;;;;;;;;;;;;;;End of the day;;;;;;;;;;;;;;;;;
385,00000;2026/07/04;00:00:00;;;;;;;;;;;;;;;;;;;;;;;;;;;;;;;;;;End of the day;;;;;;;;;;;;;;;;;
386,00000;2026/07/04;00:00:00;;;;;;;;;;;;;;;;;;;;;;;;;;;;;;;;;;Start of the day;;;;;;;;;;;;;;;;;


