"Index";"Zeitstempel (JJJJ-MM-TTThh:mm:ss)";"Ereignisart";"Ereignis-Unterart";"Patienten-Info";"Geräteinfo";"Quellengerät-ID";"Glukosewert (mg/dL)";"Insulinwert (E)";"Kohlenh.-Wert (Gramm)";"Dauer (hh:mm:ss)";"Glukose-Änderungsgeschwindigkeit (mg/dL/min)";"Transmitterzeit (Lange Ganzzahl)";"Transmitter-ID"
"1";"";"Vorname";"";"XXX";"";"";"";"";"";"";"";""
"2";"";"Nachname";"";"XXX";"";"";"";"";"";"";"";""
"3";"";"Geburtsdatum";"";"1990-01-01";"";"";"";"";"";"";"";""
"4";"";"Gerät";"";"";"Dexcom G7";"iOS G7";"";"";"";"";"";""
"5";"";"Sensor";"";"";"G7";"iOS G7";"";"";"";"";"";""
"6";"";"Warnung";"Fallen";"";"";"iOS G7";"";"";"";"";"2";""
"7";"";"Warnung";"Hoch";"";"";"iOS G7";"160";"";"";"";"";""
"8";"";"Warnung";"Niedrig";"";"";"iOS G7";"70";"";"";"";"";""
"9";"";"Warnung";"Signalverlust";"";"";"iOS G7";"";"";"";"04:00:00";"";""
"10";"";"Warnung";"Anstieg";"";"";"iOS G7";"";"";"";"";"2";""
"11";"";"Warnung";"Niedriger Wert (dringend)";"";"";"iOS G7";"55";"";"";"";"";""
"12";"";"Warnung";"Bald niedriger Wert (dringend) – Bald";"";"";"iOS G7";"55";"";"";"";"";""
"13";"";"Gerät";"";"";"Dexcom G7";"iOS Watch";"";"";"";"";"";""
"14";"";"Sensor";"";"";"G7";"iOS Watch";"";"";"";"";"";""
"15";"";"Warnung";"Fallen";"";"";"iOS Watch";"";"";"";"";"3";""
"16";"";"Warnung";"Hoch";"";"";"iOS Watch";"250";"";"";"";"";""
"17";"";"Warnung";"Niedrig";"";"";"iOS Watch";"70";"";"";"";"";""
"18";"";"Warnung";"Signalverlust";"";"";"iOS Watch";"";"";"";"00:20:00";"";""
"19";"";"Warnung";"Anstieg";"";"";"iOS Watch";"";"";"";"";"3";""
"20";"";"Warnung";"Niedriger Wert (dringend)";"";"";"iOS Watch";"55";"";"";"";"";""
"21";"";"Warnung";"Bald niedriger Wert (dringend) – Bald";"";"";"iOS Watch";"55";"";"";"";"";""
"22";"2026-01-01T00:04:45";"EGV";"";"";"";"iOS G7";"113";"";"";"";"";"388692";"111111111111"
"23";"2026-01-01T00:09:44";"EGV";"";"";"";"iOS G7";"112";"";"";"";"";"388992";"111111111111"
"24";"2026-01-01T00:14:44";"EGV";"";"";"";"iOS G7";"111";"";"";"";"";"389292";"111111111111"
"25";"2026-01-01T00:19:44";"EGV";"";"";"";"iOS G7";"111";"";"";"";"";"389592";"111111111111"
"26";"2026-01-01T00:24:44";"EGV";"";"";"";"iOS G7";"111";"";"";"";"";"389892";"111111111111"
"27";"2026-01-01T00:29:44";"EGV";"";"";"";"iOS G7";"111";"";"";"";"";"390192";"111111111111"
"28";"2026-01-01T00:34:44";"EGV";"";"";"";"iOS G7";"110";"";"";"";"";"390492";"111111111111"
"29";"2026-01-01T00:39:46";"EGV";"";"";"";"iOS G7";"110";"";"";"";"";"390792";"111111111111"
"30";"2026-01-01T00:44:44";"EGV";"";"";"";"iOS G7";"110";"";"";"";"";"391092";"111111111111"
"31";"2026-01-01T00:49:44";"EGV";"";"";"";"iOS G7";"110";"";"";"";"";"391392";"111111111111"
"32";"2026-01-01T00:54:44";"EGV";"";"";"";"iOS G7";"109";"";"";"";"";"391692";"111111111111"
"33";"2026-01-01T00:59:44";"EGV";"";"";"";"iOS G7";"110";"";"";"";"";"391992";"111111111111"
"34";"2026-01-01T01:04:44";"EGV";"";"";"";"iOS G7";"111";"";"";"";"";"392292";"111111111111"
"35";"2026-01-01T01:09:44";"EGV";"";"";"";"iOS G7";"112";"";"";"";"";"392592";"111111111111"
"36";"2026-01-01T01:14:44";"EGV";"";"";"";"iOS G7";"111";"";"";"";"";"392892";"111111111111"
"37";"2026-01-01T01:19:44";"EGV";"";"";"";"iOS G7";"110";"";"";"";"";"393192";"111111111111"
"38";"2026-01-01T01:24:44";"EGV";"";"";"";"iOS G7";"109";"";"";"";"";"393492";"111111111111"
"39";"2026-01-01T01:29:44";"EGV";"";"";"";"iOS G7";"109";"";"";"";"";"393792";"111111111111"
"40";"2026-01-01T01:34:44";"EGV";"";"";"";"iOS G7";"108";"";"";"";"";"394092";"111111111111"
"41";"2026-01-01T01:39:44";"EGV";"";"";"";"iOS G7";"106";"";"";"";"";"394392";"111111111111"
"42";"2026-01-01T01:44:44";"EGV";"";"";"";"iOS G7";"103";"";"";"";"";"394692";"111111111111"
"43";"2026-01-01T01:49:44";"EGV";"";"";"";"iOS G7";"101";"";"";"";"";"394992";"111111111111"
"44";"2026-01-01T01:54:44";"EGV";"";"";"";"iOS G7";"99";"";"";"";"";"395292";"111111111111"
"45";"2026-01-01T01:59:44";"EGV";"";"";"";"iOS G7";"99";"";"";"";"";"395592";"111111111111"
"46";"2026-01-01T02:04:44";"EGV";"";"";"";"iOS G7";"100";"";"";"";"";"395892";"111111111111"
"47";"2026-01-01T02:09:44";"EGV";"";"";"";"iOS G7";"100";"";"";"";"";"396192";"111111111111"
"48";"2026-01-01T02:14:44";"EGV";"";"";"";"iOS G7";"99";"";"";"";"";"396492";"111111111111"
"49";"2026-01-01T02:19:44";"EGV";"";"";"";"iOS G7";"97";"";"";"";"";"396792";"111111111111"
"50";"2026-01-01T02:24:44";"EGV";"";"";"";"iOS G7";"96";"";"";"";"";"397092";"111111111111"
"51";"2026-01-01T02:29:44";"EGV";"";"";"";"iOS G7";"96";"";"";"";"";"397392";"111111111111"
"52";"2026-01-01T02:34:44";"EGV";"";"";"";"iOS G7";"96";"";"";"";"";"397692";"111111111111"
"53";"2026-01-01T02:39:44";"EGV";"";"";"";"iOS G7";"96";"";"";"";"";"397992";"111111111111"
"54";"2026-01-01T02:44:46";"EGV";"";"";"";"iOS G7";"95";"";"";"";"";"398292";"111111111111"
"55";"2026-01-01T02:49:43";"EGV";"";"";"";"iOS G7";"94";"";"";"";"";"398592";"111111111111"
"56";"2026-01-01T02:54:44";"EGV";"";"";"";"iOS G7";"95";"";"";"";"";"398892";"111111111111"
"57";"2026-01-01T02:59:45";"EGV";"";"";"";"iOS G7";"96";"";"";"";"";"399192";"111111111111"
"58";"2026-01-01T03:04:45";"EGV";"";"";"";"iOS G7";"96";"";"";"";"";"399492";"111111111111"
"59";"2026-01-01T03:09:44";"EGV";"";"";"";"iOS G7";"96";"";"";"";"";"399792";"111111111111"
"60";"2026-01-01T03:14:44";"EGV";"";"";"";"iOS G7";"98";"";"";"";"";"400092";"111111111111"
"61";"2026-01-01T03:19:44";"EGV";"";"";"";"iOS G7";"98";"";"";"";"";"400392";"111111111111"
"62";"2026-01-01T03:24:44";"EGV";"";"";"";"iOS G7";"99";"";"";"";"";"400692";"111111111111"
"63";"2026-01-01T03:29:44";"EGV";"";"";"";"iOS G7";"101";"";"";"";"";"400992";"111111111111"
"64";"2026-01-01T03:34:44";"EGV";"";"";"";"iOS G7";"102";"";"";"";"";"401292";"111111111111"
"65";"2026-01-01T03:39:44";"EGV";"";"";"";"iOS G7";"101";"";"";"";"";"401592";"111111111111"
"66";"2026-01-01T03:44:44";"EGV";"";"";"";"iOS G7";"101";"";"";"";"";"401892";"111111111111"
"67";"2026-01-01T03:49:44";"EGV";"";"";"";"iOS G7";"103";"";"";"";"";"402192";"111111111111"
"68";"2026-01-01T03:54:44";"EGV";"";"";"";"iOS G7";"104";"";"";"";"";"402492";"111111111111"
"69";"2026-01-01T03:59:44";"EGV";"";"";"";"iOS G7";"105";"";"";"";"";"402792";"111111111111"
"70";"2026-01-01T04:04:44";"EGV";"";"";"";"iOS G7";"106";"";"";"";"";"403092";"111111111111"
"71";"2026-01-01T04:09:43";"EGV";"";"";"";"iOS G7";"109";"";"";"";"";"403392";"111111111111"
"72";"2026-01-01T04:14:44";"EGV";"";"";"";"iOS G7";"112";"";"";"";"";"403692";"111111111111"
"73";"2026-01-01T04:19:44";"EGV";"";"";"";"iOS G7";"114";"";"";"";"";"403992";"111111111111"
"74";"2026-01-01T04:24:43";"EGV";"";"";"";"iOS G7";"115";"";"";"";"";"404292";"111111111111"
"75";"2026-01-01T04:29:44";"EGV";"";"";"";"iOS G7";"116";"";"";"";"";"404592";"111111111111"
"76";"2026-01-01T04:34:43";"EGV";"";"";"";"iOS G7";"117";"";"";"";"";"404892";"111111111111"
"77";"2026-01-01T04:39:44";"EGV";"";"";"";"iOS G7";"119";"";"";"";"";"405192";"111111111111"
"78";"2026-01-01T04:44:47";"EGV";"";"";"";"iOS G7";"119";"";"";"";"";"405492";"111111111111"
"79";"2026-01-01T04:49:43";"EGV";"";"";"";"iOS G7";"119";"";"";"";"";"405792";"111111111111"
"80";"2026-01-01T04:54:43";"EGV";"";"";"";"iOS G7";"120";"";"";"";"";"406092";"111111111111"
"81";"2026-01-01T04:59:44";"EGV";"";"";"";"iOS G7";"122";"";"";"";"";"406392";"111111111111"
"82";"2026-01-01T05:04:44";"EGV";"";"";"";"iOS G7";"124";"";"";"";"";"406692";"111111111111"
"83";"2026-01-01T05:09:43";"EGV";"";"";"";"iOS G7";"123";"";"";"";"";"406992";"111111111111"
"84";"2026-01-01T05:14:43";"EGV";"";"";"";"iOS G7";"121";"";"";"";"";"407292";"111111111111"
"85";"2026-01-01T05:19:44";"EGV";"";"";"";"iOS G7";"120";"";"";"";"";"407592";"111111111111"
"86";"2026-01-01T05:24:44";"EGV";"";"";"";"iOS G7";"119";"";"";"";"";"407892";"111111111111"
"87";"2026-01-01T05:29:44";"EGV";"";"";"";"iOS G7";"118";"";"";"";"";"408192";"111111111111"
"88";"2026-01-01T05:34:44";"EGV";"";"";"";"iOS G7";"117";"";"";"";"";"408492";"111111111111"
"89";"2026-01-01T05:39:44";"EGV";"";"";"";"iOS G7";"118";"";"";"";"";"408792";"111111111111"
"90";"2026-01-01T05:44:44";"EGV";"";"";"";"iOS G7";"118";"";"";"";"";"409092";"111111111111"
"91";"2026-01-01T05:49:44";"EGV";"";"";"";"iOS G7";"116";"";"";"";"";"409392";"111111111111"
"92";"2026-01-01T05:54:44";"EGV";"";"";"";"iOS G7";"114";"";"";"";"";"409692";"111111111111"
"93";"2026-01-01T05:59:44";"EGV";"";"";"";"iOS G7";"113";"";"";"";"";"409992";"111111111111"
"94";"2026-01-01T06:04:44";"EGV";"";"";"";"iOS G7";"111";"";"";"";"";"410292";"111111111111"
"95";"2026-01-01T06:09:44";"EGV";"";"";"";"iOS G7";"110";"";"";"";"";"410592";"111111111111"
"96";"2026-01-01T06:14:44";"EGV";"";"";"";"iOS G7";"110";"";"";"";"";"410892";"111111111111"
"97";"2026-01-01T06:19:44";"EGV";"";"";"";"iOS G7";"111";"";"";"";"";"411192";"111111111111"
"98";"2026-01-01T06:24:44";"EGV";"";"";"";"iOS G7";"110";"";"";"";"";"411492";"111111111111"
"99";"2026-01-01T06:29:44";"EGV";"";"";"";"iOS G7";"109";"";"";"";"";"411792";"111111111111"
"100";"2026-01-01T06:34:44";"EGV";"";"";"";"iOS G7";"108";"";"";"";"";"412092";"111111111111"
"101";"2026-01-01T06:39:44";"EGV";"";"";"";"iOS G7";"107";"";"";"";"";"412392";"111111111111"
"102";"2026-01-01T06:44:43";"EGV";"";"";"";"iOS G7";"109";"";"";"";"";"412692";"111111111111"
"103";"2026-01-01T06:49:45";"EGV";"";"";"";"iOS G7";"110";"";"";"";"";"412992";"111111111111"
"104";"2026-01-01T06:54:44";"EGV";"";"";"";"iOS G7";"110";"";"";"";"";"413292";"111111111111"
"105";"2026-01-01T06:59:44";"EGV";"";"";"";"iOS G7";"109";"";"";"";"";"413592";"111111111111"
"106";"2026-01-01T07:04:44";"EGV";"";"";"";"iOS G7";"108";"";"";"";"";"413892";"111111111111"
"107";"2026-01-01T07:09:44";"EGV";"";"";"";"iOS G7";"108";"";"";"";"";"414192";"111111111111"
"108";"2026-01-01T07:14:44";"EGV";"";"";"";"iOS G7";"107";"";"";"";"";"414492";"111111111111"
"109";"2026-01-01T07:19:43";"EGV";"";"";"";"iOS G7";"108";"";"";"";"";"414792";"111111111111"
"110";"2026-01-01T07:24:44";"EGV";"";"";"";"iOS G7";"109";"";"";"";"";"415092";"111111111111"
"111";"2026-01-01T07:29:43";"EGV";"";"";"";"iOS G7";"109";"";"";"";"";"415392";"111111111111"
"112";"2026-01-01T07:34:44";"EGV";"";"";"";"iOS G7";"109";"";"";"";"";"415692";"111111111111"
"113";"2026-01-01T07:39:44";"EGV";"";"";"";"iOS G7";"109";"";"";"";"";"415992";"111111111111"
"114";"2026-01-01T07:44:44";"EGV";"";"";"";"iOS G7";"110";"";"";"";"";"416292";"111111111111"
"115";"2026-01-01T07:49:44";"EGV";"";"";"";"iOS G7";"111";"";"";"";"";"416592";"111111111111"
"116";"2026-01-01T07:54:44";"EGV";"";"";"";"iOS G7";"114";"";"";"";"";"416892";"111111111111"
"117";"2026-01-01T07:59:44";"EGV";"";"";"";"iOS G7";"121";"";"";"";"";"417192";"111111111111"
"118";"2026-01-01T08:04:43";"EGV";"";"";"";"iOS G7";"130";"";"";"";"";"417492";"111111111111"
"119";"2026-01-01T08:09:44";"EGV";"";"";"";"iOS G7";"139";"";"";"";"";"417792";"111111111111"
"120";"2026-01-01T08:14:44";"EGV";"";"";"";"iOS G7";"147";"";"";"";"";"418092";"111111111111"
"121";"2026-01-01T08:19:43";"EGV";"";"";"";"iOS G7";"151";"";"";"";"";"418392";"111111111111"
"122";"2026-01-01T08:24:44";"EGV";"";"";"";"iOS G7";"154";"";"";"";"";"418692";"111111111111"
"123";"2026-01-01T08:29:44";"EGV";"";"";"";"iOS G7";"157";"";"";"";"";"418992";"111111111111"
"124";"2026-01-01T08:34:43";"EGV";"";"";"";"iOS G7";"160";"";"";"";"";"419292";"111111111111"
"125";"2026-01-01T08:39:44";"EGV";"";"";"";"iOS G7";"162";"";"";"";"";"419592";"111111111111"
"126";"2026-01-01T08:44:44";"EGV";"";"";"";"iOS G7";"164";"";"";"";"";"419892";"111111111111"
"127";"2026-01-01T08:49:47";"EGV";"";"";"";"iOS G7";"163";"";"";"";"";"420192";"111111111111"
"128";"2026-01-01T08:54:46";"EGV";"";"";"";"iOS G7";"162";"";"";"";"";"420492";"111111111111"
"129";"2026-01-01T08:59:43";"EGV";"";"";"";"iOS G7";"161";"";"";"";"";"420792";"111111111111"
"130";"2026-01-01T09:04:43";"EGV";"";"";"";"iOS G7";"160";"";"";"";"";"421092";"111111111111"
"131";"2026-01-01T09:09:44";"EGV";"";"";"";"iOS G7";"157";"";"";"";"";"421392";"111111111111"
"132";"2026-01-01T09:14:44";"EGV";"";"";"";"iOS G7";"154";"";"";"";"";"421692";"111111111111"
"133";"2026-01-01T09:19:44";"EGV";"";"";"";"iOS G7";"151";"";"";"";"";"421992";"111111111111"
"134";"2026-01-01T09:24:43";"EGV";"";"";"";"iOS G7";"149";"";"";"";"";"422292";"111111111111"
"135";"2026-01-01T09:29:44";"EGV";"";"";"";"iOS G7";"146";"";"";"";"";"422592";"111111111111"
"136";"2026-01-01T09:34:44";"EGV";"";"";"";"iOS G7";"143";"";"";"";"";"422892";"111111111111"
"137";"2026-01-01T09:39:44";"EGV";"";"";"";"iOS G7";"139";"";"";"";"";"423192";"111111111111"
"138";"2026-01-01T09:44:44";"EGV";"";"";"";"iOS G7";"136";"";"";"";"";"423492";"111111111111"
"139";"2026-01-01T09:49:44";"EGV";"";"";"";"iOS G7";"133";"";"";"";"";"423792";"111111111111"
"140";"2026-01-01T09:54:44";"EGV";"";"";"";"iOS G7";"129";"";"";"";"";"424092";"111111111111"
"141";"2026-01-01T09:59:44";"EGV";"";"";"";"iOS G7";"128";"";"";"";"";"424392";"111111111111"
"142";"2026-01-01T10:04:44";"EGV";"";"";"";"iOS G7";"128";"";"";"";"";"424692";"111111111111"
"143";"2026-01-01T10:09:43";"EGV";"";"";"";"iOS G7";"125";"";"";"";"";"424992";"111111111111"
"144";"2026-01-01T10:14:44";"EGV";"";"";"";"iOS G7";"123";"";"";"";"";"425292";"111111111111"
"145";"2026-01-01T10:19:44";"EGV";"";"";"";"iOS G7";"121";"";"";"";"";"425592";"111111111111"
"146";"2026-01-01T10:24:43";"EGV";"";"";"";"iOS G7";"118";"";"";"";"";"425892";"111111111111"
"147";"2026-01-01T10:29:43";"EGV";"";"";"";"iOS G7";"115";"";"";"";"";"426192";"111111111111"
"148";"2026-01-01T10:34:44";"EGV";"";"";"";"iOS G7";"112";"";"";"";"";"426492";"111111111111"
"149";"2026-01-01T10:39:44";"EGV";"";"";"";"iOS G7";"110";"";"";"";"";"426792";"111111111111"
"150";"2026-01-01T10:44:43";"EGV";"";"";"";"iOS G7";"109";"";"";"";"";"427092";"111111111111"
"151";"2026-01-01T10:49:44";"EGV";"";"";"";"iOS G7";"109";"";"";"";"";"427392";"111111111111"
"152";"2026-01-01T10:54:43";"EGV";"";"";"";"iOS G7";"108";"";"";"";"";"427692";"111111111111"
"153";"2026-01-01T10:59:45";"EGV";"";"";"";"iOS G7";"107";"";"";"";"";"427992";"111111111111"
"154";"2026-01-01T11:04:44";"EGV";"";"";"";"iOS G7";"106";"";"";"";"";"428292";"111111111111"
"155";"2026-01-01T11:09:44";"EGV";"";"";"";"iOS G7";"105";"";"";"";"";"428592";"111111111111"
"156";"2026-01-01T11:14:43";"EGV";"";"";"";"iOS G7";"104";"";"";"";"";"428892";"111111111111"
"157";"2026-01-01T11:19:44";"EGV";"";"";"";"iOS G7";"105";"";"";"";"";"429192";"111111111111"
"158";"2026-01-01T11:24:44";"EGV";"";"";"";"iOS G7";"107";"";"";"";"";"429492";"111111111111"
"159";"2026-01-01T11:29:43";"EGV";"";"";"";"iOS G7";"107";"";"";"";"";"429792";"111111111111"
"160";"2026-01-01T11:34:44";"EGV";"";"";"";"iOS G7";"107";"";"";"";"";"430092";"111111111111"
"161";"2026-01-01T11:39:44";"EGV";"";"";"";"iOS G7";"107";"";"";"";"";"430392";"111111111111"
"162";"2026-01-01T11:44:43";"EGV";"";"";"";"iOS G7";"105";"";"";"";"";"430692";"111111111111"
"163";"2026-01-01T11:49:43";"EGV";"";"";"";"iOS G7";"106";"";"";"";"";"430992";"111111111111"
"164";"2026-01-01T11:54:43";"EGV";"";"";"";"iOS G7";"106";"";"";"";"";"431292";"111111111111"
"165";"2026-01-01T11:59:44";"EGV";"";"";"";"iOS G7";"105";"";"";"";"";"431592";"111111111111"
"166";"2026-01-01T12:04:44";"EGV";"";"";"";"iOS G7";"104";"";"";"";"";"431892";"111111111111"
"167";"2026-01-01T12:09:44";"EGV";"";"";"";"iOS G7";"103";"";"";"";"";"432192";"111111111111"
"168";"2026-01-01T12:14:43";"EGV";"";"";"";"iOS G7";"102";"";"";"";"";"432492";"111111111111"
"169";"2026-01-01T12:19:44";"EGV";"";"";"";"iOS G7";"103";"";"";"";"";"432792";"111111111111"
"170";"2026-01-01T12:24:43";"EGV";"";"";"";"iOS G7";"104";"";"";"";"";"433092";"111111111111"
"171";"2026-01-01T12:29:44";"EGV";"";"";"";"iOS G7";"105";"";"";"";"";"433392";"111111111111"
"172";"2026-01-01T12:34:44";"EGV";"";"";"";"iOS G7";"106";"";"";"";"";"433692";"111111111111"
"173";"2026-01-01T12:39:43";"EGV";"";"";"";"iOS G7";"105";"";"";"";"";"433992";"111111111111"
"174";"2026-01-01T12:44:43";"EGV";"";"";"";"iOS G7";"108";"";"";"";"";"434292";"111111111111"
"175";"2026-01-01T12:49:44";"EGV";"";"";"";"iOS G7";"113";"";"";"";"";"434592";"111111111111"
"176";"2026-01-01T12:54:44";"EGV";"";"";"";"iOS G7";"121";"";"";"";"";"434892";"111111111111"
"177";"2026-01-01T12:59:45";"EGV";"";"";"";"iOS G7";"131";"";"";"";"";"435192";"111111111111"
"178";"2026-01-01T13:04:44";"EGV";"";"";"";"iOS G7";"139";"";"";"";"";"435492";"111111111111"
"179";"2026-01-01T13:09:44";"EGV";"";"";"";"iOS G7";"147";"";"";"";"";"435792";"111111111111"
"180";"2026-01-01T13:14:43";"EGV";"";"";"";"iOS G7";"154";"";"";"";"";"436092";"111111111111"
"181";"2026-01-01T13:19:43";"EGV";"";"";"";"iOS G7";"161";"";"";"";"";"436392";"111111111111"
"182";"2026-01-01T13:24:44";"EGV";"";"";"";"iOS G7";"166";"";"";"";"";"436692";"111111111111"
"183";"2026-01-01T13:29:43";"EGV";"";"";"";"iOS G7";"169";"";"";"";"";"436992";"111111111111"
"184";"2026-01-01T13:34:44";"EGV";"";"";"";"iOS G7";"173";"";"";"";"";"437292";"111111111111"
"185";"2026-01-01T13:39:44";"EGV";"";"";"";"iOS G7";"175";"";"";"";"";"437592";"111111111111"
"186";"2026-01-01T13:44:43";"EGV";"";"";"";"iOS G7";"175";"";"";"";"";"437892";"111111111111"
"187";"2026-01-01T13:49:44";"EGV";"";"";"";"iOS G7";"174";"";"";"";"";"438192";"111111111111"
"188";"2026-01-01T13:54:44";"EGV";"";"";"";"iOS G7";"171";"";"";"";"";"438492";"111111111111"
"189";"2026-01-01T13:59:44";"EGV";"";"";"";"iOS G7";"169";"";"";"";"";"438792";"111111111111"
"190";"2026-01-01T14:04:43";"EGV";"";"";"";"iOS G7";"167";"";"";"";"";"439092";"111111111111"
"191";"2026-01-01T14:09:44";"EGV";"";"";"";"iOS G7";"166";"";"";"";"";"439392";"111111111111"
"192";"2026-01-01T14:14:43";"EGV";"";"";"";"iOS G7";"162";"";"";"";"";"439692";"111111111111"
"193";"2026-01-01T14:19:44";"EGV";"";"";"";"iOS G7";"159";"";"";"";"";"439992";"111111111111"
"194";"2026-01-01T14:24:44";"EGV";"";"";"";"iOS G7";"156";"";"";"";"";"440292";"111111111111"
"195";"2026-01-01T14:29:43";"EGV";"";"";"";"iOS G7";"153";"";"";"";"";"440592";"111111111111"
"196";"2026-01-01T14:34:43";"EGV";"";"";"";"iOS G7";"149";"";"";"";"";"440892";"111111111111"
"197";"2026-01-01T14:39:43";"EGV";"";"";"";"iOS G7";"144";"";"";"";"";"441192";"111111111111"
"198";"2026-01-01T14:44:43";"EGV";"";"";"";"iOS G7";"141";"";"";"";"";"441492";"111111111111"
"199";"2026-01-01T14:49:43";"EGV";"";"";"";"iOS G7";"139";"";"";"";"";"441792";"111111111111"
"200";"2026-01-01T14:54:43";"EGV";"";"";"";"iOS G7";"136";"";"";"";"";"442092";"111111111111"
"201";"2026-01-01T14:59:45";"EGV";"";"";"";"iOS G7";"133";"";"";"";"";"442392";"111111111111"
"202";"2026-01-01T15:04:43";"EGV";"";"";"";"iOS G7";"131";"";"";"";"";"442692";"111111111111"
"203";"2026-01-01T15:09:44";"EGV";"";"";"";"iOS G7";"128";"";"";"";"";"442992";"111111111111"
"204";"2026-01-01T15:14:44";"EGV";"";"";"";"iOS G7";"127";"";"";"";"";"443292";"111111111111"
"205";"2026-01-01T15:19:43";"EGV";"";"";"";"iOS G7";"125";"";"";"";"";"443592";"111111111111"
"206";"2026-01-01T15:24:44";"EGV";"";"";"";"iOS G7";"123";"";"";"";"";"443892";"111111111111"
"207";"2026-01-01T15:29:43";"EGV";"";"";"";"iOS G7";"122";"";"";"";"";"444192";"111111111111"
"208";"2026-01-01T15:34:43";"EGV";"";"";"";"iOS G7";"123";"";"";"";"";"444492";"111111111111"
"209";"2026-01-01T15:39:44";"EGV";"";"";"";"iOS G7";"126";"";"";"";"";"444792";"111111111111"
"210";"2026-01-01T15:44:44";"EGV";"";"";"";"iOS G7";"130";"";"";"";"";"445092";"111111111111"
"211";"2026-01-01T15:49:43";"EGV";"";"";"";"iOS G7";"132";"";"";"";"";"445392";"111111111111"
"212";"2026-01-01T15:54:43";"EGV";"";"";"";"iOS G7";"134";"";"";"";"";"445692";"111111111111"
"213";"2026-01-01T15:59:43";"EGV";"";"";"";"iOS G7";"136";"";"";"";"";"445992";"111111111111"
"214";"2026-01-01T16:04:43";"EGV";"";"";"";"iOS G7";"137";"";"";"";"";"446292";"111111111111"
"215";"2026-01-01T16:09:44";"EGV";"";"";"";"iOS G7";"137";"";"";"";"";"446592";"111111111111"
"216";"2026-01-01T16:14:43";"EGV";"";"";"";"iOS G7";"136";"";"";"";"";"446892";"111111111111"
"217";"2026-01-01T16:19:44";"EGV";"";"";"";"iOS G7";"135";"";"";"";"";"447192";"111111111111"
"218";"2026-01-01T16:24:43";"EGV";"";"";"";"iOS G7";"135";"";"";"";"";"447492";"111111111111"
"219";"2026-01-01T16:29:43";"EGV";"";"";"";"iOS G7";"134";"";"";"";"";"447792";"111111111111"
"220";"2026-01-01T16:34:44";"EGV";"";"";"";"iOS G7";"130";"";"";"";"";"448092";"111111111111"
"221";"2026-01-01T16:39:44";"EGV";"";"";"";"iOS G7";"127";"";"";"";"";"448392";"111111111111"
"222";"2026-01-01T16:44:43";"EGV";"";"";"";"iOS G7";"124";"";"";"";"";"448692";"111111111111"
"223";"2026-01-01T16:49:44";"EGV";"";"";"";"iOS G7";"121";"";"";"";"";"448992";"111111111111"
"224";"2026-01-01T16:54:43";"EGV";"";"";"";"iOS G7";"119";"";"";"";"";"449292";"111111111111"
"225";"2026-01-01T16:59:45";"EGV";"";"";"";"iOS G7";"116";"";"";"";"";"449592";"111111111111"
"226";"2026-01-01T17:04:44";"EGV";"";"";"";"iOS G7";"113";"";"";"";"";"449892";"111111111111"
"227";"2026-01-01T17:09:44";"EGV";"";"";"";"iOS G7";"111";"";"";"";"";"450192";"111111111111"
"228";"2026-01-01T17:14:44";"EGV";"";"";"";"iOS G7";"110";"";"";"";"";"450492";"111111111111"
"229";"2026-01-01T17:19:43";"EGV";"";"";"";"iOS G7";"106";"";"";"";"";"450792";"111111111111"
"230";"2026-01-01T17:24:43";"EGV";"";"";"";"iOS G7";"100";"";"";"";"";"451092";"111111111111"
"231";"2026-01-01T17:29:43";"EGV";"";"";"";"iOS G7";"98";"";"";"";"";"451392";"111111111111"
"232";"2026-01-01T17:34:44";"EGV";"";"";"";"iOS G7";"96";"";"";"";"";"451692";"111111111111"
"233";"2026-01-01T17:39:43";"EGV";"";"";"";"iOS G7";"95";"";"";"";"";"451992";"111111111111"
"234";"2026-01-01T17:44:43";"EGV";"";"";"";"iOS G7";"94";"";"";"";"";"452292";"111111111111"
"235";"2026-01-01T17:49:44";"EGV";"";"";"";"iOS G7";"92";"";"";"";"";"452592";"111111111111"
"236";"2026-01-01T17:54:43";"EGV";"";"";"";"iOS G7";"91";"";"";"";"";"452892";"111111111111"
"237";"2026-01-01T17:59:44";"EGV";"";"";"";"iOS G7";"92";"";"";"";"";"453192";"111111111111"
"238";"2026-01-01T18:04:44";"EGV";"";"";"";"iOS G7";"95";"";"";"";"";"453492";"111111111111"
"239";"2026-01-01T18:09:44";"EGV";"";"";"";"iOS G7";"97";"";"";"";"";"453792";"111111111111"
"240";"2026-01-01T18:14:44";"EGV";"";"";"";"iOS G7";"98";"";"";"";"";"454092";"111111111111"
"241";"2026-01-01T18:19:43";"EGV";"";"";"";"iOS G7";"98";"";"";"";"";"454392";"111111111111"
"242";"2026-01-01T18:24:43";"EGV";"";"";"";"iOS G7";"98";"";"";"";"";"454692";"111111111111"
"243";"2026-01-01T18:29:43";"EGV";"";"";"";"iOS G7";"99";"";"";"";"";"454992";"111111111111"
"244";"2026-01-01T18:34:43";"EGV";"";"";"";"iOS G7";"100";"";"";"";"";"455292";"111111111111"
"245";"2026-01-01T18:39:44";"EGV";"";"";"";"iOS G7";"100";"";"";"";"";"455592";"111111111111"
"246";"2026-01-01T18:44:43";"EGV";"";"";"";"iOS G7";"101";"";"";"";"";"455892";"111111111111"
"247";"2026-01-01T18:49:44";"EGV";"";"";"";"iOS G7";"102";"";"";"";"";"456192";"111111111111"
"248";"2026-01-01T18:54:43";"EGV";"";"";"";"iOS G7";"103";"";"";"";"";"456492";"111111111111"
"249";"2026-01-01T18:59:44";"EGV";"";"";"";"iOS G7";"103";"";"";"";"";"456792";"111111111111"
"250";"2026-01-01T19:04:44";"EGV";"";"";"";"iOS G7";"103";"";"";"";"";"457092";"111111111111"
"251";"2026-01-01T19:09:43";"EGV";"";"";"";"iOS G7";"103";"";"";"";"";"457392";"111111111111"
"252";"2026-01-01T19:14:44";"EGV";"";"";"";"iOS G7";"102";"";"";"";"";"457692";"111111111111"
"253";"2026-01-01T19:19:44";"EGV";"";"";"";"iOS G7";"104";"";"";"";"";"457992";"111111111111"
"254";"2026-01-01T19:24:44";"EGV";"";"";"";"iOS G7";"110";"";"";"";"";"458292";"111111111111"
"255";"2026-01-01T19:29:43";"EGV";"";"";"";"iOS G7";"119";"";"";"";"";"458592";"111111111111"
"256";"2026-01-01T19:34:44";"EGV";"";"";"";"iOS G7";"130";"";"";"";"";"458892";"111111111111"
"257";"2026-01-01T19:39:43";"EGV";"";"";"";"iOS G7";"142";"";"";"";"";"459192";"111111111111"
"258";"2026-01-01T19:44:43";"EGV";"";"";"";"iOS G7";"152";"";"";"";"";"459492";"111111111111"
"259";"2026-01-01T19:49:43";"EGV";"";"";"";"iOS G7";"162";"";"";"";"";"459792";"111111111111"
"260";"2026-01-01T19:54:43";"EGV";"";"";"";"iOS G7";"170";"";"";"";"";"460092";"111111111111"
"261";"2026-01-01T19:59:43";"EGV";"";"";"";"iOS G7";"176";"";"";"";"";"460392";"111111111111"
"262";"2026-01-01T20:04:43";"EGV";"";"";"";"iOS G7";"180";"";"";"";"";"460692";"111111111111"
"263";"2026-01-01T20:09:43";"EGV";"";"";"";"iOS G7";"183";"";"";"";"";"460992";"111111111111"
"264";"2026-01-01T20:14:43";"EGV";"";"";"";"iOS G7";"186";"";"";"";"";"461292";"111111111111"
"265";"2026-01-01T20:19:43";"EGV";"";"";"";"iOS G7";"188";"";"";"";"";"461592";"111111111111"
"266";"2026-01-01T20:24:43";"EGV";"";"";"";"iOS G7";"189";"";"";"";"";"461892";"111111111111"
"267";"2026-01-01T20:29:43";"EGV";"";"";"";"iOS G7";"189";"";"";"";"";"462192";"111111111111"
"268";"2026-01-01T20:34:43";"EGV";"";"";"";"iOS G7";"189";"";"";"";"";"462492";"111111111111"
"269";"2026-01-01T20:39:43";"EGV";"";"";"";"iOS G7";"187";"";"";"";"";"462792";"111111111111"
"270";"2026-01-01T20:44:43";"EGV";"";"";"";"iOS G7";"183";"";"";"";"";"463092";"111111111111"
"271";"2026-01-01T20:49:43";"EGV";"";"";"";"iOS G7";"178";"";"";"";"";"463392";"111111111111"
"272";"2026-01-01T20:54:44";"EGV";"";"";"";"iOS G7";"172";"";"";"";"";"463692";"111111111111"
"273";"2026-01-01T20:59:43";"EGV";"";"";"";"iOS G7";"165";"";"";"";"";"463992";"111111111111"
"274";"2026-01-01T21:04:44";"EGV";"";"";"";"iOS G7";"161";"";"";"";"";"464292";"111111111111"
"275";"2026-01-01T21:09:43";"EGV";"";"";"";"iOS G7";"160";"";"";"";"";"464592";"111111111111"
"276";"2026-01-01T21:14:43";"EGV";"";"";"";"iOS G7";"157";"";"";"";"";"464892";"111111111111"
"277";"2026-01-01T21:19:43";"EGV";"";"";"";"iOS G7";"153";"";"";"";"";"465192";"111111111111"
"278";"2026-01-01T21:24:43";"EGV";"";"";"";"iOS G7";"149";"";"";"";"";"465492";"111111111111"
"279";"2026-01-01T21:29:43";"EGV";"";"";"";"iOS G7";"146";"";"";"";"";"465792";"111111111111"
"280";"2026-01-01T21:34:43";"EGV";"";"";"";"iOS G7";"144";"";"";"";"";"466092";"111111111111"
"281";"2026-01-01T21:39:43";"EGV";"";"";"";"iOS G7";"141";"";"";"";"";"466392";"111111111111"
"282";"2026-01-01T21:44:43";"EGV";"";"";"";"iOS G7";"138";"";"";"";"";"466692";"111111111111"
"283";"2026-01-01T21:49:44";"EGV";"";"";"";"iOS G7";"136";"";"";"";"";"466992";"111111111111"
"284";"2026-01-01T21:54:43";"EGV";"";"";"";"iOS G7";"134";"";"";"";"";"467292";"111111111111"
"285";"2026-01-01T21:59:43";"EGV";"";"";"";"iOS G7";"133";"";"";"";"";"467592";"111111111111"
"286";"2026-01-01T22:04:43";"EGV";"";"";"";"iOS G7";"131";"";"";"";"";"467892";"111111111111"
"287";"2026-01-01T22:09:43";"EGV";"";"";"";"iOS G7";"129";"";"";"";"";"468192";"111111111111"
"288";"2026-01-01T22:14:43";"EGV";"";"";"";"iOS G7";"126";"";"";"";"";"468492";"111111111111"
"289";"2026-01-01T22:19:43";"EGV";"";"";"";"iOS G7";"125";"";"";"";"";"468792";"111111111111"
"290";"2026-01-01T22:24:43";"EGV";"";"";"";"iOS G7";"123";"";"";"";"";"469092";"111111111111"
"291";"2026-01-01T22:29:43";"EGV";"";"";"";"iOS G7";"121";"";"";"";"";"469392";"111111111111"
"292";"2026-01-01T22:34:43";"EGV";"";"";"";"iOS G7";"120";"";"";"";"";"469692";"111111111111"
"293";"2026-01-01T22:39:43";"EGV";"";"";"";"iOS G7";"118";"";"";"";"";"469992";"111111111111"
"294";"2026-01-01T22:44:43";"EGV";"";"";"";"iOS G7";"116";"";"";"";"";"470292";"111111111111"
"295";"2026-01-01T22:49:43";"EGV";"";"";"";"iOS G7";"116";"";"";"";"";"470592";"111111111111"
"296";"2026-01-01T22:54:43";"EGV";"";"";"";"iOS G7";"117";"";"";"";"";"470892";"111111111111"
"297";"2026-01-01T22:59:50";"EGV";"";"";"";"iOS G7";"117";"";"";"";"";"471192";"111111111111"
"298";"2026-01-01T23:04:50";"EGV";"";"";"";"iOS G7";"117";"";"";"";"";"471492";"111111111111"
"299";"2026-01-01T23:09:50";"EGV";"";"";"";"iOS G7";"115";"";"";"";"";"471792";"111111111111"
"300";"2026-01-01T23:14:43";"EGV";"";"";"";"iOS G7";"112";"";"";"";"";"472092";"111111111111"
"301";"2026-01-01T23:19:42";"EGV";"";"";"";"iOS G7";"112";"";"";"";"";"472392";"111111111111"
"302";"2026-01-01T23:24:42";"EGV";"";"";"";"iOS G7";"112";"";"";"";"";"472692";"111111111111"
"303";"2026-01-01T23:29:43";"EGV";"";"";"";"iOS G7";"111";"";"";"";"";"472992";"111111111111"
"304";"2026-01-01T23:34:43";"EGV";"";"";"";"iOS G7";"109";"";"";"";"";"473292";"111111111111"
"305";"2026-01-01T23:39:43";"EGV";"";"";"";"iOS G7";"107";"";"";"";"";"473592";"111111111111"
"306";"2026-01-01T23:44:43";"EGV";"";"";"";"iOS G7";"108";"";"";"";"";"473892";"111111111111"
"307";"2026-01-01T23:49:43";"EGV";"";"";"";"iOS G7";"108";"";"";"";"";"474192";"111111111111"
"308";"2026-01-01T23:54:43";"EGV";"";"";"";"iOS G7";"108";"";"";"";"";"474492";"111111111111"
"309";"2026-01-01T23:59:43";"EGV";"";"";"";"iOS G7";"109";"";"";"";"";"474792";"111111111111"
