Device Type,Serial Number,Event Date Time,Commanded Basal Dose (units of insulin)
⁦Tandem Mobi™⁩ System,1111111,2026-03-05T00:04:04,0.028
⁦Tandem Mobi™⁩ System,1111111,2026-03-05T00:09:03,0.041
⁦Tandem Mobi™⁩ System,1111111,2026-03-05T00:14:04,0.102
⁦Tandem Mobi™⁩ System,1111111,2026-03-05T00:19:04,0.139
⁦Tandem Mobi™⁩ System,1111111,2026-03-05T00:24:04,0.139
⁦Tandem Mobi™⁩ System,1111111,2026-03-05T00:29:05,0.139
⁦Tandem Mobi™⁩ System,1111111,2026-03-05T00:34:05,0.112
⁦Tandem Mobi™⁩ System,1111111,2026-03-05T00:39:06,0.103
⁦Tandem Mobi™⁩ System,1111111,2026-03-05T00:44:06,0.068
⁦Tandem Mobi™⁩ System,1111111,2026-03-05T00:49:06,0.066
⁦Tandem Mobi™⁩ System,1111111,2026-03-05T00:54:07,0.04
⁦Tandem Mobi™⁩ System,1111111,2026-03-05T00:59:06,0.06
⁦Tandem Mobi™⁩ System,1111111,2026-03-05T01:04:07,0.086
⁦Tandem Mobi™⁩ System,1111111,2026-03-05T01:09:07,0.107
⁦Tandem Mobi™⁩ System,1111111,2026-03-05T01:14:08,0.111
⁦Tandem Mobi™⁩ System,1111111,2026-03-05T01:19:08,0.066
⁦Tandem Mobi™⁩ System,1111111,2026-03-05T01:24:08,0.037
⁦Tandem Mobi™⁩ System,1111111,2026-03-05T01:29:09,0.037
⁦Tandem Mobi™⁩ System,1111111,2026-03-05T01:34:09,0.059
⁦Tandem Mobi™⁩ System,1111111,2026-03-05T01:39:09,0.083
⁦Tandem Mobi™⁩ System,1111111,2026-03-05T01:44:09,0.117
⁦Tandem Mobi™⁩ System,1111111,2026-03-05T01:49:10,0.104
⁦Tandem Mobi™⁩ System,1111111,2026-03-05T01:54:10,0.093
⁦Tandem Mobi™⁩ System,1111111,2026-03-05T01:59:10,0.068
⁦Tandem Mobi™⁩ System,1111111,2026-03-05T02:04:11,0.06
⁦Tandem Mobi™⁩ System,1111111,2026-03-05T02:09:11,0.05
⁦Tandem Mobi™⁩ System,1111111,2026-03-05T02:14:12,0.054
⁦Tandem Mobi™⁩ System,1111111,2026-03-05T02:19:11,0.064
⁦Tandem Mobi™⁩ System,1111111,2026-03-05T02:24:12,0.037
⁦Tandem Mobi™⁩ System,1111111,2026-03-05T02:29:12,0.037
⁦Tandem Mobi™⁩ System,1111111,2026-03-05T02:34:12,0.037
⁦Tandem Mobi™⁩ System,1111111,2026-03-05T02:39:13,0.037
⁦Tandem Mobi™⁩ System,1111111,2026-03-05T02:44:13,0.037
⁦Tandem Mobi™⁩ System,1111111,2026-03-05T02:49:13,0.047
⁦Tandem Mobi™⁩ System,1111111,2026-03-05T02:54:14,0.062
⁦Tandem Mobi™⁩ System,1111111,2026-03-05T02:59:14,0.048
⁦Tandem Mobi™⁩ System,1111111,2026-03-05T03:04:15,0.037
⁦Tandem Mobi™⁩ System,1111111,2026-03-05T03:09:15,0.037
⁦Tandem Mobi™⁩ System,1111111,2026-03-05T03:14:15,0.037
⁦Tandem Mobi™⁩ System,1111111,2026-03-05T03:19:16,0.055
⁦Tandem Mobi™⁩ System,1111111,2026-03-05T03:24:15,0.061
⁦Tandem Mobi™⁩ System,1111111,2026-03-05T03:29:16,0.073
⁦Tandem Mobi™⁩ System,1111111,2026-03-05T03:34:16,0.084
⁦Tandem Mobi™⁩ System,1111111,2026-03-05T03:39:16,0.087
⁦Tandem Mobi™⁩ System,1111111,2026-03-05T03:44:17,0.092
⁦Tandem Mobi™⁩ System,1111111,2026-03-05T03:49:17,0.067
⁦Tandem Mobi™⁩ System,1111111,2026-03-05T03:54:17,0.07
⁦Tandem Mobi™⁩ System,1111111,2026-03-05T03:59:17,0.111
⁦Tandem Mobi™⁩ System,1111111,2026-03-05T04:04:18,0.109
⁦Tandem Mobi™⁩ System,1111111,2026-03-05T04:09:18,0.085
⁦Tandem Mobi™⁩ System,1111111,2026-03-05T04:14:18,0.063
⁦Tandem Mobi™⁩ System,1111111,2026-03-05T04:19:19,0.05
⁦Tandem Mobi™⁩ System,1111111,2026-03-05T04:24:20,0.05
⁦Tandem Mobi™⁩ System,1111111,2026-03-05T04:29:20,0.05
⁦Tandem Mobi™⁩ System,1111111,2026-03-05T04:34:20,0.05
⁦Tandem Mobi™⁩ System,1111111,2026-03-05T04:39:20,0.05
⁦Tandem Mobi™⁩ System,1111111,2026-03-05T04:44:20,0.05
⁦Tandem Mobi™⁩ System,1111111,2026-03-05T04:49:21,0.05
⁦Tandem Mobi™⁩ System,1111111,2026-03-05T04:54:21,0.05
⁦Tandem Mobi™⁩ System,1111111,2026-03-05T04:59:22,0.05
⁦Tandem Mobi™⁩ System,1111111,2026-03-05T05:04:22,0.032
⁦Tandem Mobi™⁩ System,1111111,2026-03-05T05:09:22,0.032
⁦Tandem Mobi™⁩ System,1111111,2026-03-05T05:14:22,0.035
⁦Tandem Mobi™⁩ System,1111111,2026-03-05T05:19:22,0.018
⁦Tandem Mobi™⁩ System,1111111,2026-03-05T05:24:22,0.021
⁦Tandem Mobi™⁩ System,1111111,2026-03-05T05:29:23,0.02
⁦Tandem Mobi™⁩ System,1111111,2026-03-05T05:34:23,0.017
⁦Tandem Mobi™⁩ System,1111111,2026-03-05T05:39:23,0.016
⁦Tandem Mobi™⁩ System,1111111,2026-03-05T05:44:24,0.013
⁦Tandem Mobi™⁩ System,1111111,2026-03-05T05:49:24,0.013
⁦Tandem Mobi™⁩ System,1111111,2026-03-05T05:54:25,0.012
⁦Tandem Mobi™⁩ System,1111111,2026-03-05T05:59:25,0.012
⁦Tandem Mobi™⁩ System,1111111,2026-03-05T06:04:26,0.011
⁦Tandem Mobi™⁩ System,1111111,2026-03-05T06:09:26,0.013
⁦Tandem Mobi™⁩ System,1111111,2026-03-05T06:14:26,0.013
⁦Tandem Mobi™⁩ System,1111111,2026-03-05T06:19:27,0.016
⁦Tandem Mobi™⁩ System,1111111,2026-03-05T06:24:26,0.011
⁦Tandem Mobi™⁩ System,1111111,2026-03-05T06:29:27,0
⁦Tandem Mobi™⁩ System,1111111,2026-03-05T06:34:27,0
⁦Tandem Mobi™⁩ System,1111111,2026-03-05T06:39:27,0
⁦Tandem Mobi™⁩ System,1111111,2026-03-05T06:44:27,0.011
⁦Tandem Mobi™⁩ System,1111111,2026-03-05T06:49:27,0.02
⁦Tandem Mobi™⁩ System,1111111,2026-03-05T06:54:28,0.011
⁦Tandem Mobi™⁩ System,1111111,2026-03-05T06:59:29,0.008
⁦Tandem Mobi™⁩ System,1111111,2026-03-05T07:04:29,0.011
⁦Tandem Mobi™⁩ System,1111111,2026-03-05T07:09:29,0.022
⁦Tandem Mobi™⁩ System,1111111,2026-03-05T07:14:30,0.057
⁦Tandem Mobi™⁩ System,1111111,2026-03-05T07:19:30,0.057
⁦Tandem Mobi™⁩ System,1111111,2026-03-05T07:24:30,0.051
⁦Tandem Mobi™⁩ System,1111111,2026-03-05T07:29:31,0.014
⁦Tandem Mobi™⁩ System,1111111,2026-03-05T07:34:31,0.008
⁦Tandem Mobi™⁩ System,1111111,2026-03-05T07:39:31,0.013
⁦Tandem Mobi™⁩ System,1111111,2026-03-05T07:44:32,0.023
⁦Tandem Mobi™⁩ System,1111111,2026-03-05T07:49:32,0.023
⁦Tandem Mobi™⁩ System,1111111,2026-03-05T07:54:32,0.022
⁦Tandem Mobi™⁩ System,1111111,2026-03-05T07:59:31,0.037
⁦Tandem Mobi™⁩ System,1111111,2026-03-05T08:04:32,0.057
⁦Tandem Mobi™⁩ System,1111111,2026-03-05T08:09:33,0.057
⁦Tandem Mobi™⁩ System,1111111,2026-03-05T08:14:33,0.057
⁦Tandem Mobi™⁩ System,1111111,2026-03-05T08:19:34,0.063
⁦Tandem Mobi™⁩ System,1111111,2026-03-05T08:24:34,0.064
⁦Tandem Mobi™⁩ System,1111111,2026-03-05T08:29:34,0.057
⁦Tandem Mobi™⁩ System,1111111,2026-03-05T08:34:34,0.074
⁦Tandem Mobi™⁩ System,1111111,2026-03-05T08:39:34,0.07
⁦Tandem Mobi™⁩ System,1111111,2026-03-05T08:44:35,0.065
⁦Tandem Mobi™⁩ System,1111111,2026-03-05T08:49:35,0.054
⁦Tandem Mobi™⁩ System,1111111,2026-03-05T08:54:36,0.057
⁦Tandem Mobi™⁩ System,1111111,2026-03-05T08:59:36,0.057
⁦Tandem Mobi™⁩ System,1111111,2026-03-05T09:04:36,0.057
⁦Tandem Mobi™⁩ System,1111111,2026-03-05T09:09:36,0.057
⁦Tandem Mobi™⁩ System,1111111,2026-03-05T09:14:37,0.057
⁦Tandem Mobi™⁩ System,1111111,2026-03-05T09:19:37,0.057
⁦Tandem Mobi™⁩ System,1111111,2026-03-05T09:24:37,0.057
⁦Tandem Mobi™⁩ System,1111111,2026-03-05T09:29:38,0.057
⁦Tandem Mobi™⁩ System,1111111,2026-03-05T09:34:38,0.051
⁦Tandem Mobi™⁩ System,1111111,2026-03-05T09:39:39,0.052
⁦Tandem Mobi™⁩ System,1111111,2026-03-05T09:44:39,0.053
⁦Tandem Mobi™⁩ System,1111111,2026-03-05T09:49:39,0.044
⁦Tandem Mobi™⁩ System,1111111,2026-03-05T09:54:39,0.029
⁦Tandem Mobi™⁩ System,1111111,2026-03-05T09:59:39,0.039
⁦Tandem Mobi™⁩ System,1111111,2026-03-05T10:04:40,0.057
⁦Tandem Mobi™⁩ System,1111111,2026-03-05T10:09:40,0.057
⁦Tandem Mobi™⁩ System,1111111,2026-03-05T10:14:40,0.138
⁦Tandem Mobi™⁩ System,1111111,2026-03-05T10:19:41,0.126
⁦Tandem Mobi™⁩ System,1111111,2026-03-05T10:24:42,0.126
⁦Tandem Mobi™⁩ System,1111111,2026-03-05T10:29:41,0.126
⁦Tandem Mobi™⁩ System,1111111,2026-03-05T10:34:41,0.126
⁦Tandem Mobi™⁩ System,1111111,2026-03-05T10:39:42,0.109
⁦Tandem Mobi™⁩ System,1111111,2026-03-05T10:44:42,0.057
⁦Tandem Mobi™⁩ System,1111111,2026-03-05T10:49:43,0.057
⁦Tandem Mobi™⁩ System,1111111,2026-03-05T10:54:43,0.057
⁦Tandem Mobi™⁩ System,1111111,2026-03-05T10:59:43,0.057
⁦Tandem Mobi™⁩ System,1111111,2026-03-05T11:04:44,0.057
⁦Tandem Mobi™⁩ System,1111111,2026-03-05T11:09:44,0.057
⁦Tandem Mobi™⁩ System,1111111,2026-03-05T11:14:44,0.057
⁦Tandem Mobi™⁩ System,1111111,2026-03-05T11:19:44,0.057
⁦Tandem Mobi™⁩ System,1111111,2026-03-05T11:24:45,0.057
⁦Tandem Mobi™⁩ System,1111111,2026-03-05T11:29:45,0.057
⁦Tandem Mobi™⁩ System,1111111,2026-03-05T11:34:45,0.057
⁦Tandem Mobi™⁩ System,1111111,2026-03-05T11:39:46,0.057
⁦Tandem Mobi™⁩ System,1111111,2026-03-05T11:44:46,0.057
⁦Tandem Mobi™⁩ System,1111111,2026-03-05T11:49:46,0.057
⁦Tandem Mobi™⁩ System,1111111,2026-03-05T11:54:47,0.057
⁦Tandem Mobi™⁩ System,1111111,2026-03-05T11:59:37,0.057
⁦Tandem Mobi™⁩ System,1111111,2026-03-05T12:04:47,0.057
⁦Tandem Mobi™⁩ System,1111111,2026-03-05T12:09:47,0.057
⁦Tandem Mobi™⁩ System,1111111,2026-03-05T12:14:48,0.057
⁦Tandem Mobi™⁩ System,1111111,2026-03-05T12:19:48,0.057
⁦Tandem Mobi™⁩ System,1111111,2026-03-05T12:24:48,0.057
⁦Tandem Mobi™⁩ System,1111111,2026-03-05T12:29:48,0.057
⁦Tandem Mobi™⁩ System,1111111,2026-03-05T12:34:49,0.057
⁦Tandem Mobi™⁩ System,1111111,2026-03-05T12:39:49,0.057
⁦Tandem Mobi™⁩ System,1111111,2026-03-05T12:44:50,0.057
⁦Tandem Mobi™⁩ System,1111111,2026-03-05T12:49:50,0.057
⁦Tandem Mobi™⁩ System,1111111,2026-03-05T12:54:51,0.057
⁦Tandem Mobi™⁩ System,1111111,2026-03-05T12:59:51,0.057
⁦Tandem Mobi™⁩ System,1111111,2026-03-05T13:04:51,0.057
⁦Tandem Mobi™⁩ System,1111111,2026-03-05T13:09:51,0.057
⁦Tandem Mobi™⁩ System,1111111,2026-03-05T13:14:51,0.057
⁦Tandem Mobi™⁩ System,1111111,2026-03-05T13:19:51,0.083
⁦Tandem Mobi™⁩ System,1111111,2026-03-05T13:24:52,0.13
⁦Tandem Mobi™⁩ System,1111111,2026-03-05T13:29:53,0.106
⁦Tandem Mobi™⁩ System,1111111,2026-03-05T13:34:53,0.111
⁦Tandem Mobi™⁩ System,1111111,2026-03-05T13:39:53,0.107
⁦Tandem Mobi™⁩ System,1111111,2026-03-05T13:44:54,0.096
⁦Tandem Mobi™⁩ System,1111111,2026-03-05T13:49:53,0.11
⁦Tandem Mobi™⁩ System,1111111,2026-03-05T13:54:54,0.121
⁦Tandem Mobi™⁩ System,1111111,2026-03-05T13:59:54,0.127
⁦Tandem Mobi™⁩ System,1111111,2026-03-05T14:04:55,0.138
⁦Tandem Mobi™⁩ System,1111111,2026-03-05T14:09:54,0.123
⁦Tandem Mobi™⁩ System,1111111,2026-03-05T14:14:55,0.138
⁦Tandem Mobi™⁩ System,1111111,2026-03-05T14:19:56,0.11
⁦Tandem Mobi™⁩ System,1111111,2026-03-05T14:24:55,0.101
⁦Tandem Mobi™⁩ System,1111111,2026-03-05T14:29:56,0.092
⁦Tandem Mobi™⁩ System,1111111,2026-03-05T14:34:56,0.07
⁦Tandem Mobi™⁩ System,1111111,2026-03-05T14:39:57,0.077
⁦Tandem Mobi™⁩ System,1111111,2026-03-05T14:44:57,0.064
⁦Tandem Mobi™⁩ System,1111111,2026-03-05T14:49:57,0.05
⁦Tandem Mobi™⁩ System,1111111,2026-03-05T14:54:57,0.047
⁦Tandem Mobi™⁩ System,1111111,2026-03-05T14:59:58,0.047
⁦Tandem Mobi™⁩ System,1111111,2026-03-05T15:04:58,0.047
⁦Tandem Mobi™⁩ System,1111111,2026-03-05T15:09:59,0.047
⁦Tandem Mobi™⁩ System,1111111,2026-03-05T15:14:58,0.049
⁦Tandem Mobi™⁩ System,1111111,2026-03-05T15:19:59,0.05
⁦Tandem Mobi™⁩ System,1111111,2026-03-05T15:25:00,0.047
⁦Tandem Mobi™⁩ System,1111111,2026-03-05T15:30:00,0.048
⁦Tandem Mobi™⁩ System,1111111,2026-03-05T15:35:00,0.048
⁦Tandem Mobi™⁩ System,1111111,2026-03-05T15:40:00,0.047
⁦Tandem Mobi™⁩ System,1111111,2026-03-05T15:45:01,0.041
⁦Tandem Mobi™⁩ System,1111111,2026-03-05T15:50:00,0.047
⁦Tandem Mobi™⁩ System,1111111,2026-03-05T15:55:01,0.047
⁦Tandem Mobi™⁩ System,1111111,2026-03-05T16:00:01,0.047
⁦Tandem Mobi™⁩ System,1111111,2026-03-05T16:05:01,0.047
⁦Tandem Mobi™⁩ System,1111111,2026-03-05T16:10:03,0.047
⁦Tandem Mobi™⁩ System,1111111,2026-03-05T16:15:03,0.047
⁦Tandem Mobi™⁩ System,1111111,2026-03-05T16:20:03,0.047
⁦Tandem Mobi™⁩ System,1111111,2026-03-05T16:25:04,0.038
⁦Tandem Mobi™⁩ System,1111111,2026-03-05T16:30:04,0.025
⁦Tandem Mobi™⁩ System,1111111,2026-03-05T16:35:04,0.013
⁦Tandem Mobi™⁩ System,1111111,2026-03-05T16:40:05,0.011
⁦Tandem Mobi™⁩ System,1111111,2026-03-05T16:45:05,0.013
⁦Tandem Mobi™⁩ System,1111111,2026-03-05T16:50:04,0.015
⁦Tandem Mobi™⁩ System,1111111,2026-03-05T16:55:05,0.022
⁦Tandem Mobi™⁩ System,1111111,2026-03-05T17:00:05,0.028
⁦Tandem Mobi™⁩ System,1111111,2026-03-05T17:05:06,0.021
⁦Tandem Mobi™⁩ System,1111111,2026-03-05T17:10:06,0.011
⁦Tandem Mobi™⁩ System,1111111,2026-03-05T17:15:06,0.016
⁦Tandem Mobi™⁩ System,1111111,2026-03-05T17:20:06,0.011
⁦Tandem Mobi™⁩ System,1111111,2026-03-05T17:25:07,0
⁦Tandem Mobi™⁩ System,1111111,2026-03-05T17:30:07,0
⁦Tandem Mobi™⁩ System,1111111,2026-03-05T17:35:08,0
⁦Tandem Mobi™⁩ System,1111111,2026-03-05T17:40:08,0
⁦Tandem Mobi™⁩ System,1111111,2026-03-05T17:45:08,0
⁦Tandem Mobi™⁩ System,1111111,2026-03-05T17:50:09,0
⁦Tandem Mobi™⁩ System,1111111,2026-03-05T17:55:09,0.027
⁦Tandem Mobi™⁩ System,1111111,2026-03-05T18:00:09,0.027
⁦Tandem Mobi™⁩ System,1111111,2026-03-05T18:05:09,0.04
⁦Tandem Mobi™⁩ System,1111111,2026-03-05T18:10:09,0.057
⁦Tandem Mobi™⁩ System,1111111,2026-03-05T18:15:10,0.055
⁦Tandem Mobi™⁩ System,1111111,2026-03-05T18:20:10,0.1
⁦Tandem Mobi™⁩ System,1111111,2026-03-05T18:25:11,0.129
⁦Tandem Mobi™⁩ System,1111111,2026-03-05T18:30:10,0.129
⁦Tandem Mobi™⁩ System,1111111,2026-03-05T18:35:11,0.129
⁦Tandem Mobi™⁩ System,1111111,2026-03-05T18:40:11,0.129
⁦Tandem Mobi™⁩ System,1111111,2026-03-05T18:45:12,0.129
⁦Tandem Mobi™⁩ System,1111111,2026-03-05T18:50:12,0.129
⁦Tandem Mobi™⁩ System,1111111,2026-03-05T18:55:13,0.122
⁦Tandem Mobi™⁩ System,1111111,2026-03-05T19:00:12,0.19
⁦Tandem Mobi™⁩ System,1111111,2026-03-05T19:05:13,0.057
⁦Tandem Mobi™⁩ System,1111111,2026-03-05T19:10:14,0.057
⁦Tandem Mobi™⁩ System,1111111,2026-03-05T19:15:14,0.057
⁦Tandem Mobi™⁩ System,1111111,2026-03-05T19:20:14,0.057
⁦Tandem Mobi™⁩ System,1111111,2026-03-05T19:25:14,0.057
⁦Tandem Mobi™⁩ System,1111111,2026-03-05T19:30:15,0.057
⁦Tandem Mobi™⁩ System,1111111,2026-03-05T19:35:15,0.057
⁦Tandem Mobi™⁩ System,1111111,2026-03-05T19:40:15,0.057
⁦Tandem Mobi™⁩ System,1111111,2026-03-05T19:45:16,0.057
⁦Tandem Mobi™⁩ System,1111111,2026-03-05T19:50:16,0.057
⁦Tandem Mobi™⁩ System,1111111,2026-03-05T19:55:16,0.057
⁦Tandem Mobi™⁩ System,1111111,2026-03-05T20:00:16,0.068
⁦Tandem Mobi™⁩ System,1111111,2026-03-05T20:05:17,0.076
⁦Tandem Mobi™⁩ System,1111111,2026-03-05T20:10:17,0.072
⁦Tandem Mobi™⁩ System,1111111,2026-03-05T20:15:17,0.094
⁦Tandem Mobi™⁩ System,1111111,2026-03-05T20:20:18,0.104
⁦Tandem Mobi™⁩ System,1111111,2026-03-05T20:25:18,0.115
⁦Tandem Mobi™⁩ System,1111111,2026-03-05T20:30:18,0.108
⁦Tandem Mobi™⁩ System,1111111,2026-03-05T20:35:19,0.099
⁦Tandem Mobi™⁩ System,1111111,2026-03-05T20:40:18,0.127
⁦Tandem Mobi™⁩ System,1111111,2026-03-05T20:45:19,0.15
⁦Tandem Mobi™⁩ System,1111111,2026-03-05T20:50:19,0.15
⁦Tandem Mobi™⁩ System,1111111,2026-03-05T20:55:20,0.091
⁦Tandem Mobi™⁩ System,1111111,2026-03-05T21:00:20,0.091
⁦Tandem Mobi™⁩ System,1111111,2026-03-05T21:05:20,0.091
⁦Tandem Mobi™⁩ System,1111111,2026-03-05T21:10:21,0.091
⁦Tandem Mobi™⁩ System,1111111,2026-03-05T21:15:21,0.091
⁦Tandem Mobi™⁩ System,1111111,2026-03-05T21:20:22,0.08
⁦Tandem Mobi™⁩ System,1111111,2026-03-05T21:25:22,0.074
⁦Tandem Mobi™⁩ System,1111111,2026-03-05T21:30:22,0.052
⁦Tandem Mobi™⁩ System,1111111,2026-03-05T21:35:23,0
⁦Tandem Mobi™⁩ System,1111111,2026-03-05T21:40:23,0
⁦Tandem Mobi™⁩ System,1111111,2026-03-05T21:45:23,0
⁦Tandem Mobi™⁩ System,1111111,2026-03-05T21:50:23,0
⁦Tandem Mobi™⁩ System,1111111,2026-03-05T21:55:24,0
⁦Tandem Mobi™⁩ System,1111111,2026-03-05T22:00:23,0
⁦Tandem Mobi™⁩ System,1111111,2026-03-05T22:05:24,0
⁦Tandem Mobi™⁩ System,1111111,2026-03-05T22:10:25,0.022
⁦Tandem Mobi™⁩ System,1111111,2026-03-05T22:15:23,0.019
⁦Tandem Mobi™⁩ System,1111111,2026-03-05T22:20:25,0.057
⁦Tandem Mobi™⁩ System,1111111,2026-03-05T22:25:25,0.057
⁦Tandem Mobi™⁩ System,1111111,2026-03-05T22:30:25,0.057
⁦Tandem Mobi™⁩ System,1111111,2026-03-05T22:35:25,0.057
⁦Tandem Mobi™⁩ System,1111111,2026-03-05T22:40:26,0.047
⁦Tandem Mobi™⁩ System,1111111,2026-03-05T22:45:27,0.047
⁦Tandem Mobi™⁩ System,1111111,2026-03-05T22:50:27,0.047
⁦Tandem Mobi™⁩ System,1111111,2026-03-05T22:55:27,0.047
⁦Tandem Mobi™⁩ System,1111111,2026-03-05T23:00:27,0.047
⁦Tandem Mobi™⁩ System,1111111,2026-03-05T23:05:27,0.047
⁦Tandem Mobi™⁩ System,1111111,2026-03-05T23:10:28,0.047
⁦Tandem Mobi™⁩ System,1111111,2026-03-05T23:15:28,0.047
⁦Tandem Mobi™⁩ System,1111111,2026-03-05T23:20:28,0.047
⁦Tandem Mobi™⁩ System,1111111,2026-03-05T23:25:28,0
⁦Tandem Mobi™⁩ System,1111111,2026-03-05T23:30:29,0
⁦Tandem Mobi™⁩ System,1111111,2026-03-05T23:35:30,0
⁦Tandem Mobi™⁩ System,1111111,2026-03-05T23:40:30,0
⁦Tandem Mobi™⁩ System,1111111,2026-03-05T23:45:30,0.047
⁦Tandem Mobi™⁩ System,1111111,2026-03-05T23:50:30,0.047
⁦Tandem Mobi™⁩ System,1111111,2026-03-05T23:55:30,0.047
