Device Type,Serial Number,Description,Event Date Time,Readings (mg/dL)
⁦Tandem Mobi™⁩ System,1111111,EGV,2026-03-05T00:04:33,131
⁦Tandem Mobi™⁩ System,1111111,EGV,2026-03-05T00:09:32,126
⁦Tandem Mobi™⁩ System,1111111,EGV,2026-03-05T00:14:33,125
⁦Tandem Mobi™⁩ System,1111111,EGV,2026-03-05T00:19:33,120
⁦Tandem Mobi™⁩ System,1111111,EGV,2026-03-05T00:24:33,116
⁦Tandem Mobi™⁩ System,1111111,EGV,2026-03-05T00:29:33,111
⁦Tandem Mobi™⁩ System,1111111,EGV,2026-03-05T00:34:33,107
⁦Tandem Mobi™⁩ System,1111111,EGV,2026-03-05T00:39:32,105
⁦Tandem Mobi™⁩ System,1111111,EGV,2026-03-05T00:44:32,104
⁦Tandem Mobi™⁩ System,1111111,EGV,2026-03-05T00:49:32,102
⁦Tandem Mobi™⁩ System,1111111,EGV,2026-03-05T00:54:33,100
⁦Tandem Mobi™⁩ System,1111111,EGV,2026-03-05T00:59:33,99
⁦Tandem Mobi™⁩ System,1111111,EGV,2026-03-05T01:04:34,98
⁦Tandem Mobi™⁩ System,1111111,EGV,2026-03-05T01:09:32,98
⁦Tandem Mobi™⁩ System,1111111,EGV,2026-03-05T01:14:33,101
⁦Tandem Mobi™⁩ System,1111111,EGV,2026-03-05T01:19:33,101
⁦Tandem Mobi™⁩ System,1111111,EGV,2026-03-05T01:24:32,104
⁦Tandem Mobi™⁩ System,1111111,EGV,2026-03-05T01:29:32,102
⁦Tandem Mobi™⁩ System,1111111,EGV,2026-03-05T01:34:32,104
⁦Tandem Mobi™⁩ System,1111111,EGV,2026-03-05T01:39:33,102
⁦Tandem Mobi™⁩ System,1111111,EGV,2026-03-05T01:44:32,107
⁦Tandem Mobi™⁩ System,1111111,EGV,2026-03-05T01:49:32,106
⁦Tandem Mobi™⁩ System,1111111,EGV,2026-03-05T01:54:32,103
⁦Tandem Mobi™⁩ System,1111111,EGV,2026-03-05T01:59:32,95
⁦Tandem Mobi™⁩ System,1111111,EGV,2026-03-05T02:04:32,93
⁦Tandem Mobi™⁩ System,1111111,EGV,2026-03-05T02:09:32,92
⁦Tandem Mobi™⁩ System,1111111,EGV,2026-03-05T02:14:32,90
⁦Tandem Mobi™⁩ System,1111111,EGV,2026-03-05T02:19:32,87
⁦Tandem Mobi™⁩ System,1111111,EGV,2026-03-05T02:24:32,83
⁦Tandem Mobi™⁩ System,1111111,EGV,2026-03-05T02:29:32,81
⁦Tandem Mobi™⁩ System,1111111,EGV,2026-03-05T02:34:32,78
⁦Tandem Mobi™⁩ System,1111111,EGV,2026-03-05T02:39:32,78
⁦Tandem Mobi™⁩ System,1111111,EGV,2026-03-05T02:44:33,78
⁦Tandem Mobi™⁩ System,1111111,EGV,2026-03-05T02:49:32,78
⁦Tandem Mobi™⁩ System,1111111,EGV,2026-03-05T02:54:33,80
⁦Tandem Mobi™⁩ System,1111111,EGV,2026-03-05T02:59:32,82
⁦Tandem Mobi™⁩ System,1111111,EGV,2026-03-05T03:04:32,87
⁦Tandem Mobi™⁩ System,1111111,EGV,2026-03-05T03:09:32,91
⁦Tandem Mobi™⁩ System,1111111,EGV,2026-03-05T03:14:32,99
⁦Tandem Mobi™⁩ System,1111111,EGV,2026-03-05T03:19:32,106
⁦Tandem Mobi™⁩ System,1111111,EGV,2026-03-05T03:24:32,109
⁦Tandem Mobi™⁩ System,1111111,EGV,2026-03-05T03:29:32,111
⁦Tandem Mobi™⁩ System,1111111,EGV,2026-03-05T03:34:32,109
⁦Tandem Mobi™⁩ System,1111111,EGV,2026-03-05T03:39:32,107
⁦Tandem Mobi™⁩ System,1111111,EGV,2026-03-05T03:44:32,110
⁦Tandem Mobi™⁩ System,1111111,EGV,2026-03-05T03:49:32,114
⁦Tandem Mobi™⁩ System,1111111,EGV,2026-03-05T03:54:32,119
⁦Tandem Mobi™⁩ System,1111111,EGV,2026-03-05T03:59:32,125
⁦Tandem Mobi™⁩ System,1111111,EGV,2026-03-05T04:04:32,129
⁦Tandem Mobi™⁩ System,1111111,EGV,2026-03-05T04:09:32,138
⁦Tandem Mobi™⁩ System,1111111,EGV,2026-03-05T04:14:32,149
⁦Tandem Mobi™⁩ System,1111111,EGV,2026-03-05T04:19:33,158
⁦Tandem Mobi™⁩ System,1111111,EGV,2026-03-05T04:24:33,164
⁦Tandem Mobi™⁩ System,1111111,EGV,2026-03-05T04:29:33,169
⁦Tandem Mobi™⁩ System,1111111,EGV,2026-03-05T04:34:32,173
⁦Tandem Mobi™⁩ System,1111111,EGV,2026-03-05T04:39:33,178
⁦Tandem Mobi™⁩ System,1111111,EGV,2026-03-05T04:44:32,182
⁦Tandem Mobi™⁩ System,1111111,EGV,2026-03-05T04:49:32,187
⁦Tandem Mobi™⁩ System,1111111,EGV,2026-03-05T04:54:32,191
⁦Tandem Mobi™⁩ System,1111111,EGV,2026-03-05T04:59:32,191
⁦Tandem Mobi™⁩ System,1111111,EGV,2026-03-05T05:04:32,192
⁦Tandem Mobi™⁩ System,1111111,EGV,2026-03-05T05:09:24,194
⁦Tandem Mobi™⁩ System,1111111,EGV,2026-03-05T05:14:24,198
⁦Tandem Mobi™⁩ System,1111111,EGV,2026-03-05T05:19:32,199
⁦Tandem Mobi™⁩ System,1111111,EGV,2026-03-05T05:24:32,200
⁦Tandem Mobi™⁩ System,1111111,EGV,2026-03-05T05:29:33,197
⁦Tandem Mobi™⁩ System,1111111,EGV,2026-03-05T05:34:32,195
⁦Tandem Mobi™⁩ System,1111111,EGV,2026-03-05T05:39:32,198
⁦Tandem Mobi™⁩ System,1111111,EGV,2026-03-05T05:44:33,199
⁦Tandem Mobi™⁩ System,1111111,EGV,2026-03-05T05:49:33,205
⁦Tandem Mobi™⁩ System,1111111,EGV,2026-03-05T05:54:32,207
⁦Tandem Mobi™⁩ System,1111111,EGV,2026-03-05T05:59:32,211
⁦Tandem Mobi™⁩ System,1111111,EGV,2026-03-05T06:04:32,210
⁦Tandem Mobi™⁩ System,1111111,EGV,2026-03-05T06:09:32,208
⁦Tandem Mobi™⁩ System,1111111,EGV,2026-03-05T06:14:32,208
⁦Tandem Mobi™⁩ System,1111111,EGV,2026-03-05T06:19:32,210
⁦Tandem Mobi™⁩ System,1111111,EGV,2026-03-05T06:24:32,210
⁦Tandem Mobi™⁩ System,1111111,EGV,2026-03-05T06:29:32,206
⁦Tandem Mobi™⁩ System,1111111,EGV,2026-03-05T06:34:32,202
⁦Tandem Mobi™⁩ System,1111111,EGV,2026-03-05T06:39:32,197
⁦Tandem Mobi™⁩ System,1111111,EGV,2026-03-05T06:44:32,194
⁦Tandem Mobi™⁩ System,1111111,EGV,2026-03-05T06:49:33,187
⁦Tandem Mobi™⁩ System,1111111,EGV,2026-03-05T06:54:33,181
⁦Tandem Mobi™⁩ System,1111111,EGV,2026-03-05T06:59:32,176
⁦Tandem Mobi™⁩ System,1111111,EGV,2026-03-05T07:04:33,177
⁦Tandem Mobi™⁩ System,1111111,EGV,2026-03-05T07:09:32,179
⁦Tandem Mobi™⁩ System,1111111,EGV,2026-03-05T07:14:32,178
⁦Tandem Mobi™⁩ System,1111111,EGV,2026-03-05T07:19:32,172
⁦Tandem Mobi™⁩ System,1111111,EGV,2026-03-05T07:24:32,164
⁦Tandem Mobi™⁩ System,1111111,EGV,2026-03-05T07:29:32,158
⁦Tandem Mobi™⁩ System,1111111,EGV,2026-03-05T07:34:32,149
⁦Tandem Mobi™⁩ System,1111111,EGV,2026-03-05T07:39:33,134
⁦Tandem Mobi™⁩ System,1111111,EGV,2026-03-05T07:44:32,123
⁦Tandem Mobi™⁩ System,1111111,EGV,2026-03-05T07:49:24,113
⁦Tandem Mobi™⁩ System,1111111,EGV,2026-03-05T07:54:32,104
⁦Tandem Mobi™⁩ System,1111111,EGV,2026-03-05T07:59:32,95
⁦Tandem Mobi™⁩ System,1111111,EGV,2026-03-05T08:04:33,89
⁦Tandem Mobi™⁩ System,1111111,EGV,2026-03-05T08:09:32,87
⁦Tandem Mobi™⁩ System,1111111,EGV,2026-03-05T08:14:34,90
⁦Tandem Mobi™⁩ System,1111111,EGV,2026-03-05T08:19:33,86
⁦Tandem Mobi™⁩ System,1111111,EGV,2026-03-05T08:24:34,86
⁦Tandem Mobi™⁩ System,1111111,EGV,2026-03-05T08:29:32,89
⁦Tandem Mobi™⁩ System,1111111,EGV,2026-03-05T08:34:32,88
⁦Tandem Mobi™⁩ System,1111111,EGV,2026-03-05T08:39:32,89
⁦Tandem Mobi™⁩ System,1111111,EGV,2026-03-05T08:44:33,90
⁦Tandem Mobi™⁩ System,1111111,EGV,2026-03-05T08:49:32,91
⁦Tandem Mobi™⁩ System,1111111,EGV,2026-03-05T08:54:32,93
⁦Tandem Mobi™⁩ System,1111111,EGV,2026-03-05T08:59:32,96
⁦Tandem Mobi™⁩ System,1111111,EGV,2026-03-05T09:04:32,102
⁦Tandem Mobi™⁩ System,1111111,EGV,2026-03-05T09:09:32,108
⁦Tandem Mobi™⁩ System,1111111,EGV,2026-03-05T09:14:35,114
⁦Tandem Mobi™⁩ System,1111111,EGV,2026-03-05T09:19:32,118
⁦Tandem Mobi™⁩ System,1111111,EGV,2026-03-05T09:24:24,123
⁦Tandem Mobi™⁩ System,1111111,EGV,2026-03-05T09:29:32,131
⁦Tandem Mobi™⁩ System,1111111,EGV,2026-03-05T09:34:32,135
⁦Tandem Mobi™⁩ System,1111111,EGV,2026-03-05T09:39:32,138
⁦Tandem Mobi™⁩ System,1111111,EGV,2026-03-05T09:44:32,143
⁦Tandem Mobi™⁩ System,1111111,EGV,2026-03-05T09:49:32,148
⁦Tandem Mobi™⁩ System,1111111,EGV,2026-03-05T09:54:32,154
⁦Tandem Mobi™⁩ System,1111111,EGV,2026-03-05T09:59:32,159
⁦Tandem Mobi™⁩ System,1111111,EGV,2026-03-05T10:04:32,162
⁦Tandem Mobi™⁩ System,1111111,EGV,2026-03-05T10:09:32,162
⁦Tandem Mobi™⁩ System,1111111,EGV,2026-03-05T10:14:32,167
⁦Tandem Mobi™⁩ System,1111111,EGV,2026-03-05T10:19:32,171
⁦Tandem Mobi™⁩ System,1111111,EGV,2026-03-05T10:24:32,174
⁦Tandem Mobi™⁩ System,1111111,EGV,2026-03-05T10:29:32,174
⁦Tandem Mobi™⁩ System,1111111,EGV,2026-03-05T10:34:32,176
⁦Tandem Mobi™⁩ System,1111111,EGV,2026-03-05T10:39:32,182
⁦Tandem Mobi™⁩ System,1111111,EGV,2026-03-05T10:44:32,184
⁦Tandem Mobi™⁩ System,1111111,EGV,2026-03-05T10:49:32,180
⁦Tandem Mobi™⁩ System,1111111,EGV,2026-03-05T10:54:33,179
⁦Tandem Mobi™⁩ System,1111111,EGV,2026-03-05T10:59:32,175
⁦Tandem Mobi™⁩ System,1111111,EGV,2026-03-05T11:04:32,173
⁦Tandem Mobi™⁩ System,1111111,EGV,2026-03-05T11:09:32,175
⁦Tandem Mobi™⁩ System,1111111,EGV,2026-03-05T11:14:32,177
⁦Tandem Mobi™⁩ System,1111111,EGV,2026-03-05T11:19:32,182
⁦Tandem Mobi™⁩ System,1111111,EGV,2026-03-05T11:24:32,183
⁦Tandem Mobi™⁩ System,1111111,EGV,2026-03-05T11:29:32,185
⁦Tandem Mobi™⁩ System,1111111,EGV,2026-03-05T11:34:32,187
⁦Tandem Mobi™⁩ System,1111111,EGV,2026-03-05T11:39:32,188
⁦Tandem Mobi™⁩ System,1111111,EGV,2026-03-05T11:44:32,191
⁦Tandem Mobi™⁩ System,1111111,EGV,2026-03-05T11:49:32,192
⁦Tandem Mobi™⁩ System,1111111,EGV,2026-03-05T11:54:32,194
⁦Tandem Mobi™⁩ System,1111111,EGV,2026-03-05T11:59:32,194
⁦Tandem Mobi™⁩ System,1111111,EGV,2026-03-05T12:04:32,192
⁦Tandem Mobi™⁩ System,1111111,EGV,2026-03-05T12:09:32,192
⁦Tandem Mobi™⁩ System,1111111,EGV,2026-03-05T12:14:32,192
⁦Tandem Mobi™⁩ System,1111111,EGV,2026-03-05T12:19:33,195
⁦Tandem Mobi™⁩ System,1111111,EGV,2026-03-05T12:24:32,198
⁦Tandem Mobi™⁩ System,1111111,EGV,2026-03-05T12:29:32,198
⁦Tandem Mobi™⁩ System,1111111,EGV,2026-03-05T12:34:32,203
⁦Tandem Mobi™⁩ System,1111111,EGV,2026-03-05T12:39:32,205
⁦Tandem Mobi™⁩ System,1111111,EGV,2026-03-05T12:44:32,204
⁦Tandem Mobi™⁩ System,1111111,EGV,2026-03-05T12:49:32,199
⁦Tandem Mobi™⁩ System,1111111,EGV,2026-03-05T12:54:32,197
⁦Tandem Mobi™⁩ System,1111111,EGV,2026-03-05T12:59:32,195
⁦Tandem Mobi™⁩ System,1111111,EGV,2026-03-05T13:04:32,194
⁦Tandem Mobi™⁩ System,1111111,EGV,2026-03-05T13:09:32,193
⁦Tandem Mobi™⁩ System,1111111,EGV,2026-03-05T13:14:32,191
⁦Tandem Mobi™⁩ System,1111111,EGV,2026-03-05T13:19:32,191
⁦Tandem Mobi™⁩ System,1111111,EGV,2026-03-05T13:24:32,188
⁦Tandem Mobi™⁩ System,1111111,EGV,2026-03-05T13:29:32,185
⁦Tandem Mobi™⁩ System,1111111,EGV,2026-03-05T13:34:32,182
⁦Tandem Mobi™⁩ System,1111111,EGV,2026-03-05T13:39:32,178
⁦Tandem Mobi™⁩ System,1111111,EGV,2026-03-05T13:44:32,175
⁦Tandem Mobi™⁩ System,1111111,EGV,2026-03-05T13:49:32,174
⁦Tandem Mobi™⁩ System,1111111,EGV,2026-03-05T13:54:32,172
⁦Tandem Mobi™⁩ System,1111111,EGV,2026-03-05T13:59:34,166
⁦Tandem Mobi™⁩ System,1111111,EGV,2026-03-05T14:04:32,161
⁦Tandem Mobi™⁩ System,1111111,EGV,2026-03-05T14:09:32,155
⁦Tandem Mobi™⁩ System,1111111,EGV,2026-03-05T14:14:32,149
⁦Tandem Mobi™⁩ System,1111111,EGV,2026-03-05T14:19:32,146
⁦Tandem Mobi™⁩ System,1111111,EGV,2026-03-05T14:24:32,148
⁦Tandem Mobi™⁩ System,1111111,EGV,2026-03-05T14:29:32,142
⁦Tandem Mobi™⁩ System,1111111,EGV,2026-03-05T14:34:32,137
⁦Tandem Mobi™⁩ System,1111111,EGV,2026-03-05T14:39:32,137
⁦Tandem Mobi™⁩ System,1111111,EGV,2026-03-05T14:44:32,132
⁦Tandem Mobi™⁩ System,1111111,EGV,2026-03-05T14:49:32,131
⁦Tandem Mobi™⁩ System,1111111,EGV,2026-03-05T14:54:32,131
⁦Tandem Mobi™⁩ System,1111111,EGV,2026-03-05T14:59:32,134
⁦Tandem Mobi™⁩ System,1111111,EGV,2026-03-05T15:04:32,139
⁦Tandem Mobi™⁩ System,1111111,EGV,2026-03-05T15:09:32,144
⁦Tandem Mobi™⁩ System,1111111,EGV,2026-03-05T15:14:33,149
⁦Tandem Mobi™⁩ System,1111111,EGV,2026-03-05T15:19:32,152
⁦Tandem Mobi™⁩ System,1111111,EGV,2026-03-05T15:24:32,154
⁦Tandem Mobi™⁩ System,1111111,EGV,2026-03-05T15:29:32,152
⁦Tandem Mobi™⁩ System,1111111,EGV,2026-03-05T15:34:34,150
⁦Tandem Mobi™⁩ System,1111111,EGV,2026-03-05T15:39:32,144
⁦Tandem Mobi™⁩ System,1111111,EGV,2026-03-05T15:44:32,137
⁦Tandem Mobi™⁩ System,1111111,EGV,2026-03-05T15:49:32,137
⁦Tandem Mobi™⁩ System,1111111,EGV,2026-03-05T15:54:32,136
⁦Tandem Mobi™⁩ System,1111111,EGV,2026-03-05T15:59:32,135
⁦Tandem Mobi™⁩ System,1111111,EGV,2026-03-05T16:04:32,139
⁦Tandem Mobi™⁩ System,1111111,EGV,2026-03-05T16:09:32,150
⁦Tandem Mobi™⁩ System,1111111,EGV,2026-03-05T16:14:32,160
⁦Tandem Mobi™⁩ System,1111111,EGV,2026-03-05T16:19:32,167
⁦Tandem Mobi™⁩ System,1111111,EGV,2026-03-05T16:24:32,171
⁦Tandem Mobi™⁩ System,1111111,EGV,2026-03-05T16:29:32,174
⁦Tandem Mobi™⁩ System,1111111,EGV,2026-03-05T16:34:32,175
⁦Tandem Mobi™⁩ System,1111111,EGV,2026-03-05T16:39:32,178
⁦Tandem Mobi™⁩ System,1111111,EGV,2026-03-05T16:44:31,178
⁦Tandem Mobi™⁩ System,1111111,EGV,2026-03-05T16:49:32,177
⁦Tandem Mobi™⁩ System,1111111,EGV,2026-03-05T16:54:31,172
⁦Tandem Mobi™⁩ System,1111111,EGV,2026-03-05T16:59:32,168
⁦Tandem Mobi™⁩ System,1111111,EGV,2026-03-05T17:04:32,161
⁦Tandem Mobi™⁩ System,1111111,EGV,2026-03-05T17:09:34,155
⁦Tandem Mobi™⁩ System,1111111,EGV,2026-03-05T17:14:34,156
⁦Tandem Mobi™⁩ System,1111111,EGV,2026-03-05T17:19:32,159
⁦Tandem Mobi™⁩ System,1111111,EGV,2026-03-05T17:24:31,162
⁦Tandem Mobi™⁩ System,1111111,EGV,2026-03-05T17:29:31,162
⁦Tandem Mobi™⁩ System,1111111,EGV,2026-03-05T17:34:31,160
⁦Tandem Mobi™⁩ System,1111111,EGV,2026-03-05T17:39:33,162
⁦Tandem Mobi™⁩ System,1111111,EGV,2026-03-05T17:44:32,161
⁦Tandem Mobi™⁩ System,1111111,EGV,2026-03-05T17:49:31,163
⁦Tandem Mobi™⁩ System,1111111,EGV,2026-03-05T17:54:31,165
⁦Tandem Mobi™⁩ System,1111111,EGV,2026-03-05T17:59:31,168
⁦Tandem Mobi™⁩ System,1111111,EGV,2026-03-05T18:04:31,171
⁦Tandem Mobi™⁩ System,1111111,EGV,2026-03-05T18:09:32,175
⁦Tandem Mobi™⁩ System,1111111,EGV,2026-03-05T18:14:31,176
⁦Tandem Mobi™⁩ System,1111111,EGV,2026-03-05T18:19:31,179
⁦Tandem Mobi™⁩ System,1111111,EGV,2026-03-05T18:24:32,176
⁦Tandem Mobi™⁩ System,1111111,EGV,2026-03-05T18:29:31,180
⁦Tandem Mobi™⁩ System,1111111,EGV,2026-03-05T18:34:35,181
⁦Tandem Mobi™⁩ System,1111111,EGV,2026-03-05T18:39:32,184
⁦Tandem Mobi™⁩ System,1111111,EGV,2026-03-05T18:44:24,184
⁦Tandem Mobi™⁩ System,1111111,EGV,2026-03-05T18:49:33,179
⁦Tandem Mobi™⁩ System,1111111,EGV,2026-03-05T18:54:31,177
⁦Tandem Mobi™⁩ System,1111111,EGV,2026-03-05T18:59:33,173
⁦Tandem Mobi™⁩ System,1111111,EGV,2026-03-05T19:04:31,165
⁦Tandem Mobi™⁩ System,1111111,EGV,2026-03-05T19:09:32,160
⁦Tandem Mobi™⁩ System,1111111,EGV,2026-03-05T19:14:31,152
⁦Tandem Mobi™⁩ System,1111111,EGV,2026-03-05T19:19:31,145
⁦Tandem Mobi™⁩ System,1111111,EGV,2026-03-05T19:24:31,138
⁦Tandem Mobi™⁩ System,1111111,EGV,2026-03-05T19:29:32,134
⁦Tandem Mobi™⁩ System,1111111,EGV,2026-03-05T19:34:31,131
⁦Tandem Mobi™⁩ System,1111111,EGV,2026-03-05T19:39:31,129
⁦Tandem Mobi™⁩ System,1111111,EGV,2026-03-05T19:44:31,131
⁦Tandem Mobi™⁩ System,1111111,EGV,2026-03-05T19:49:31,132
⁦Tandem Mobi™⁩ System,1111111,EGV,2026-03-05T19:54:32,136
⁦Tandem Mobi™⁩ System,1111111,EGV,2026-03-05T19:59:31,137
⁦Tandem Mobi™⁩ System,1111111,EGV,2026-03-05T20:04:32,136
⁦Tandem Mobi™⁩ System,1111111,EGV,2026-03-05T20:09:32,139
⁦Tandem Mobi™⁩ System,1111111,EGV,2026-03-05T20:14:31,140
⁦Tandem Mobi™⁩ System,1111111,EGV,2026-03-05T20:19:31,140
⁦Tandem Mobi™⁩ System,1111111,EGV,2026-03-05T20:24:31,139
⁦Tandem Mobi™⁩ System,1111111,EGV,2026-03-05T20:29:31,137
⁦Tandem Mobi™⁩ System,1111111,EGV,2026-03-05T20:34:32,136
⁦Tandem Mobi™⁩ System,1111111,EGV,2026-03-05T20:39:32,137
⁦Tandem Mobi™⁩ System,1111111,EGV,2026-03-05T20:44:31,138
⁦Tandem Mobi™⁩ System,1111111,EGV,2026-03-05T20:49:31,135
⁦Tandem Mobi™⁩ System,1111111,EGV,2026-03-05T20:54:31,135
⁦Tandem Mobi™⁩ System,1111111,EGV,2026-03-05T20:59:31,134
⁦Tandem Mobi™⁩ System,1111111,EGV,2026-03-05T21:04:31,133
⁦Tandem Mobi™⁩ System,1111111,EGV,2026-03-05T21:09:31,128
⁦Tandem Mobi™⁩ System,1111111,EGV,2026-03-05T21:14:31,122
⁦Tandem Mobi™⁩ System,1111111,EGV,2026-03-05T21:19:31,117
⁦Tandem Mobi™⁩ System,1111111,EGV,2026-03-05T21:24:32,111
⁦Tandem Mobi™⁩ System,1111111,EGV,2026-03-05T21:29:33,106
⁦Tandem Mobi™⁩ System,1111111,EGV,2026-03-05T21:34:31,104
⁦Tandem Mobi™⁩ System,1111111,EGV,2026-03-05T21:39:31,103
⁦Tandem Mobi™⁩ System,1111111,EGV,2026-03-05T21:44:32,109
⁦Tandem Mobi™⁩ System,1111111,EGV,2026-03-05T21:49:34,117
⁦Tandem Mobi™⁩ System,1111111,EGV,2026-03-05T21:54:32,124
⁦Tandem Mobi™⁩ System,1111111,EGV,2026-03-05T21:59:31,131
⁦Tandem Mobi™⁩ System,1111111,EGV,2026-03-05T22:04:32,135
⁦Tandem Mobi™⁩ System,1111111,EGV,2026-03-05T22:09:24,140
⁦Tandem Mobi™⁩ System,1111111,EGV,2026-03-05T22:14:24,145
⁦Tandem Mobi™⁩ System,1111111,EGV,2026-03-05T22:19:31,151
⁦Tandem Mobi™⁩ System,1111111,EGV,2026-03-05T22:24:31,155
⁦Tandem Mobi™⁩ System,1111111,EGV,2026-03-05T22:29:24,161
⁦Tandem Mobi™⁩ System,1111111,EGV,2026-03-05T22:34:24,171
⁦Tandem Mobi™⁩ System,1111111,EGV,2026-03-05T22:39:33,176
⁦Tandem Mobi™⁩ System,1111111,EGV,2026-03-05T22:44:24,180
⁦Tandem Mobi™⁩ System,1111111,EGV,2026-03-05T22:49:24,183
⁦Tandem Mobi™⁩ System,1111111,EGV,2026-03-05T22:54:24,187
⁦Tandem Mobi™⁩ System,1111111,EGV,2026-03-05T22:59:24,190
⁦Tandem Mobi™⁩ System,1111111,EGV,2026-03-05T23:04:24,190
⁦Tandem Mobi™⁩ System,1111111,EGV,2026-03-05T23:09:24,196
⁦Tandem Mobi™⁩ System,1111111,EGV,2026-03-05T23:14:24,200
⁦Tandem Mobi™⁩ System,1111111,EGV,2026-03-05T23:19:24,202
⁦Tandem Mobi™⁩ System,1111111,EGV,2026-03-05T23:24:39,199
⁦Tandem Mobi™⁩ System,1111111,EGV,2026-03-05T23:29:24,197
⁦Tandem Mobi™⁩ System,1111111,EGV,2026-03-05T23:34:24,195
⁦Tandem Mobi™⁩ System,1111111,EGV,2026-03-05T23:39:24,192
⁦Tandem Mobi™⁩ System,1111111,EGV,2026-03-05T23:44:24,189
⁦Tandem Mobi™⁩ System,1111111,EGV,2026-03-05T23:49:24,184
⁦Tandem Mobi™⁩ System,1111111,EGV,2026-03-05T23:54:24,178
⁦Tandem Mobi™⁩ System,1111111,EGV,2026-03-05T23:59:24,173
