timestamp,timezoneOffSet,duration_in_milliseconds,rate,deliveryType
2025-07-06T00:00:00Z,120,665585,2.15,automated
2025-07-06T00:11:05Z,120,590009,0,automated
2025-07-06T00:20:55Z,120,312498,2.15,automated
2025-07-06T00:26:08Z,120,360660,3,automated
2025-07-06T00:32:08Z,120,297191,0,automated
2025-07-06T00:37:05Z,120,889353,2.75,automated
2025-07-06T00:51:55Z,120,900513,1.9,automated
2025-07-06T01:06:55Z,120,894355,0,automated
2025-07-06T01:21:50Z,120,291461,0,automated
2025-07-06T01:26:41Z,120,899885,0,automated
2025-07-06T01:41:41Z,120,903762,1.65,automated
2025-07-06T01:56:45Z,120,308940,0,automated
2025-07-06T02:01:54Z,120,105067,2.35,automated
2025-07-06T02:03:39Z,120,900020,0,automated
2025-07-06T02:18:39Z,120,60886,0,automated
2025-07-06T02:19:40Z,120,900513,2.35,automated
2025-07-06T02:34:40Z,120,300024,1.75,automated
2025-07-06T02:39:40Z,120,360712,1.8,automated
2025-07-06T02:45:41Z,120,140590,2.8,automated
2025-07-06T02:48:02Z,120,105067,2.45,automated
2025-07-06T02:49:47Z,120,271975,0.85,automated
2025-07-06T02:54:19Z,120,600050,2.7,automated
2025-07-06T03:04:19Z,120,234192,1.65,automated
2025-07-06T03:08:13Z,120,253349,2.95,automated
2025-07-06T03:12:26Z,120,65549,2.85,automated
2025-07-06T03:13:32Z,120,615846,0,automated
2025-07-06T03:23:48Z,120,900330,0,automated
2025-07-06T03:38:48Z,120,900008,1.5,automated
2025-07-06T03:53:48Z,120,51307,0,automated
2025-07-06T03:54:39Z,120,665585,0,automated
2025-07-06T04:05:45Z,120,610657,0,automated
2025-07-06T04:15:55Z,120,899979,0,automated
2025-07-06T04:30:55Z,120,292055,0,automated
2025-07-06T04:35:47Z,120,553824,0,automated
2025-07-06T04:45:01Z,120,601042,0,automated
2025-07-06T04:55:02Z,120,900276,0,automated
2025-07-06T05:10:03Z,120,271975,0,automated
2025-07-06T05:14:35Z,120,175322,0,automated
2025-07-06T05:17:30Z,120,600095,0,automated
2025-07-06T05:27:30Z,120,600456,0,automated
2025-07-06T05:37:30Z,120,595091,0,automated
2025-07-06T05:47:26Z,120,290158,0,automated
2025-07-06T05:52:16Z,120,232831,0,automated
2025-07-06T05:56:09Z,120,900330,0,automated
2025-07-06T06:11:09Z,120,300245,0,automated
2025-07-06T06:16:09Z,120,889569,0,automated
2025-07-06T06:30:59Z,120,302820,0,automated
2025-07-06T06:36:02Z,120,105067,0,automated
2025-07-06T06:37:47Z,120,60886,0,automated
2025-07-06T06:38:47Z,120,302802,2.6,automated
2025-07-06T06:43:50Z,120,900276,0,automated
2025-07-06T06:58:51Z,120,60573,0,automated
2025-07-06T06:59:51Z,120,286469,0,automated
2025-07-06T07:04:38Z,120,299936,0,automated
2025-07-06T07:09:38Z,120,900659,0,automated
2025-07-06T07:24:38Z,120,255472,0,automated
2025-07-06T07:28:54Z,120,300024,0,automated
2025-07-06T07:33:54Z,120,732173,0,automated
2025-07-06T07:46:06Z,120,598594,0,automated
2025-07-06T07:56:04Z,120,158013,0,automated
2025-07-06T07:58:42Z,120,54594,0,automated
2025-07-06T07:59:37Z,120,839345,0,automated
2025-07-06T08:13:36Z,120,288006,0,automated
2025-07-06T08:18:24Z,120,306732,0,automated
2025-07-06T08:23:31Z,120,290982,0,automated
2025-07-06T08:28:22Z,120,600212,0,automated
2025-07-06T08:38:22Z,120,894821,0,automated
2025-07-06T08:53:17Z,120,900330,0,automated
2025-07-06T09:08:17Z,120,271975,0,automated
2025-07-06T09:12:49Z,120,293840,0,automated
2025-07-06T09:17:43Z,120,900382,0,automated
2025-07-06T09:32:44Z,120,900146,0,automated
2025-07-06T09:47:44Z,120,889569,0,automated
2025-07-06T10:02:33Z,120,302820,2.65,automated
2025-07-06T10:07:36Z,120,900659,0,automated
2025-07-06T10:22:37Z,120,732173,0,automated
2025-07-06T10:34:49Z,120,246409,0,automated
2025-07-06T10:38:55Z,120,159837,0,automated
2025-07-06T10:41:35Z,120,587483,0,automated
2025-07-06T10:51:23Z,120,613509,0,automated
2025-07-06T11:01:36Z,120,246409,0,automated
2025-07-06T11:05:43Z,120,304931,0,automated
2025-07-06T11:10:48Z,120,597244,0,automated
2025-07-06T11:20:45Z,120,291461,0,automated
2025-07-06T11:25:36Z,120,665585,0,automated
2025-07-06T11:36:42Z,120,293840,0,automated
2025-07-06T11:41:36Z,120,39217,0,automated
2025-07-06T11:42:15Z,120,71932,0,automated
2025-07-06T11:43:27Z,120,873701,0,automated
2025-07-06T11:58:01Z,120,600456,0,automated
2025-07-06T12:08:01Z,120,525142,0,automated
2025-07-06T12:16:46Z,120,894618,2.55,automated
2025-07-06T12:31:41Z,120,304931,0,automated
2025-07-06T12:36:46Z,120,255472,2.75,automated
2025-07-06T12:41:01Z,120,606261,0,automated
2025-07-06T12:51:07Z,120,360596,0,automated
2025-07-06T12:57:08Z,120,828701,0,automated
2025-07-06T13:10:57Z,120,906196,0,automated
2025-07-06T13:26:03Z,120,65549,0,automated
2025-07-06T13:27:09Z,120,663363,0,automated
2025-07-06T13:38:12Z,120,306008,0,automated
2025-07-06T13:43:18Z,120,39217,0,automated
2025-07-06T13:43:57Z,120,600297,0,automated
2025-07-06T13:53:57Z,120,233445,0,automated
2025-07-06T13:57:51Z,120,300159,0,automated
2025-07-06T14:02:51Z,120,253349,0,automated
2025-07-06T14:07:04Z,120,158013,0,automated
2025-07-06T14:09:42Z,120,136860,0,automated
2025-07-06T14:11:59Z,120,663363,0,automated
2025-07-06T14:23:03Z,120,889569,0,automated
2025-07-06T14:37:52Z,120,297236,0,automated
2025-07-06T14:42:49Z,120,297305,0,automated
2025-07-06T14:47:47Z,120,828701,0,automated
2025-07-06T15:01:35Z,120,900323,0,automated
2025-07-06T15:16:36Z,120,732173,0,automated
2025-07-06T15:28:48Z,120,25218,0,automated
2025-07-06T15:29:13Z,120,219999,0,automated
2025-07-06T15:32:53Z,120,234192,0,automated
2025-07-06T15:36:47Z,120,304931,0,automated
2025-07-06T15:41:52Z,120,903762,0,automated
2025-07-06T15:56:56Z,120,905009,0,automated
2025-07-06T16:12:01Z,120,337088,0,automated
2025-07-06T16:17:38Z,120,904881,0,automated
2025-07-06T16:32:43Z,120,294201,0,automated
2025-07-06T16:37:37Z,120,232635,0,automated
2025-07-06T16:41:30Z,120,288006,0,automated
2025-07-06T16:46:18Z,120,594430,0,automated
2025-07-06T16:56:12Z,120,234192,0,automated
2025-07-06T17:00:06Z,120,237818,0,automated
2025-07-06T17:04:04Z,120,300071,0,automated
2025-07-06T17:09:04Z,120,732173,0,automated
2025-07-06T17:21:17Z,120,600456,2.1,automated
2025-07-06T17:31:17Z,120,306008,2.25,automated
2025-07-06T17:36:23Z,120,309114,2.3,automated
2025-07-06T17:41:32Z,120,663363,2.45,automated
2025-07-06T17:52:35Z,120,140590,1,automated
2025-07-06T17:54:56Z,120,250652,1.95,automated
2025-07-06T17:59:07Z,120,300159,0.85,automated
2025-07-06T18:04:07Z,120,300101,1.5,automated
2025-07-06T18:09:07Z,120,665585,1.6,automated
2025-07-06T18:20:13Z,120,238836,2.4,automated
2025-07-06T18:24:11Z,120,227737,1.3,automated
2025-07-06T18:27:59Z,120,597244,1.25,automated
2025-07-06T18:37:56Z,120,297305,1.25,automated
2025-07-06T18:42:54Z,120,246409,2.25,automated
2025-07-06T18:47:00Z,120,899885,1.95,automated
2025-07-06T19:02:00Z,120,234192,1.15,automated
2025-07-06T19:05:54Z,120,65727,2.8,automated
2025-07-06T19:07:00Z,120,361161,1.15,automated
2025-07-06T19:13:01Z,120,587483,2.2,automated
2025-07-06T19:22:49Z,120,539382,2.65,automated
2025-07-06T19:31:48Z,120,297236,0,automated
2025-07-06T19:36:45Z,120,600062,0,automated
2025-07-06T19:46:45Z,120,300527,1.15,automated
2025-07-06T19:51:46Z,120,300114,1.65,automated
2025-07-06T19:56:46Z,120,293840,1.45,automated
2025-07-06T20:01:40Z,120,529255,2.25,automated
2025-07-06T20:10:29Z,120,253349,1.1,automated
2025-07-06T20:14:42Z,120,602790,1.65,automated
2025-07-06T20:24:45Z,120,600456,1.2,automated
2025-07-06T20:34:46Z,120,873701,1.75,automated
2025-07-06T20:49:19Z,120,219999,1.35,automated
2025-07-06T20:52:59Z,120,553824,0,automated
2025-07-06T21:02:13Z,120,600303,2.45,automated
2025-07-06T21:12:13Z,120,300211,0,automated
2025-07-06T21:17:14Z,120,39217,0,automated
2025-07-06T21:17:53Z,120,286469,0,automated
2025-07-06T21:22:39Z,120,284688,0,automated
2025-07-06T21:27:24Z,120,299936,0,automated
2025-07-06T21:32:24Z,120,65549,0,automated
2025-07-06T21:33:29Z,120,300025,0,automated
2025-07-06T21:38:29Z,120,65549,0,automated
2025-07-06T21:39:35Z,120,598594,0,automated
2025-07-06T21:49:34Z,120,232635,0,automated
2025-07-06T21:53:26Z,120,285492,0,automated
2025-07-06T21:58:12Z,120,553824,0,automated
2025-07-06T22:07:26Z,120,63386,0,automated
2025-07-06T22:08:29Z,120,300527,0,automated
2025-07-06T22:13:29Z,120,232635,0,automated
2025-07-06T22:17:22Z,120,597208,0,automated
2025-07-06T22:27:19Z,120,900330,0,automated
2025-07-06T22:42:20Z,120,600062,0,automated
2025-07-06T22:52:20Z,120,233445,0,automated
2025-07-06T22:56:13Z,120,608995,0,automated
2025-07-06T23:06:22Z,120,156458,0,automated
2025-07-06T23:08:59Z,120,663363,0,automated
2025-07-06T23:20:02Z,120,836616,0,automated
2025-07-06T23:33:59Z,120,607119,0,automated
2025-07-06T23:44:06Z,120,300101,2.5,automated
2025-07-06T23:49:06Z,120,39217,0,automated
2025-07-06T23:49:45Z,120,663369,0,automated
2025-07-07T00:00:48Z,120,314871,0,automated
2025-07-07T00:06:03Z,120,302719,0,automated
2025-07-07T00:11:06Z,120,295028,1.15,automated
