timestamp,timezoneOffSet,type,delivered,required,insulinOnBoard,prescriptor,biphasicId,part
2025-07-06T00:00:00Z,120,normal,2.5,2.5,4.336462,auto,,0
2025-07-06T00:10:06Z,120,normal,4,4,0,manual,,0
2025-07-06T00:25:06Z,120,normal,1.05,1.05,9.118522,auto,,0
2025-07-06T00:30:44Z,120,normal,0.6,0.6,12.00091,auto,,0
2025-07-06T00:36:08Z,120,biphasic,0.25,0.25,10.320805,auto,biphasic3523,1
2025-07-06T00:43:19Z,120,normal,3.55,3.55,9.137925,auto,,0
2025-07-06T00:48:43Z,120,normal,4.1,4.1,11.641456,auto,,0
2025-07-06T00:53:44Z,120,normal,4.25,4.25,0,manual,,0
2025-07-06T01:26:28Z,120,normal,4.35,4.35,9.772085,auto,,0
2025-07-06T01:41:23Z,120,normal,2.05,2.05,5.99287,auto,,0
2025-07-06T01:56:19Z,120,normal,0.8,0.8,8.422344,auto,,0
2025-07-06T02:11:08Z,120,biphasic,1.85,1.85,6.076696,auto,biphasic3523,2
2025-07-06T02:15:44Z,120,normal,1.85,1.85,10.959589,auto,,0
2025-07-06T02:30:44Z,120,normal,2.3,2.3,9.387109,auto,,0
2025-07-06T02:40:45Z,120,normal,4.5,4.5,11.961997,auto,,0
2025-07-06T02:55:45Z,120,normal,3.7,3.7,2.988089,auto,,0
2025-07-06T03:30:12Z,120,normal,3.25,3.25,3.581751,auto,,0
2025-07-06T03:40:07Z,120,normal,1.55,1.55,5.948173,auto,,0
2025-07-06T03:58:25Z,120,normal,0.05,0.05,10.607433,auto,,0
2025-07-06T04:08:31Z,120,normal,2.35,2.35,13.173459,auto,,0
2025-07-06T04:11:26Z,120,normal,2.35,2.35,7.603313,auto,,0
2025-07-06T04:26:26Z,120,normal,3.1,3.1,6.731373,auto,,0
2025-07-06T04:36:24Z,120,normal,3.25,3.25,8.610953,auto,,0
2025-07-06T06:42:09Z,120,normal,0.15,0.15,2.174911,auto,,0
2025-07-06T06:52:09Z,120,normal,3.95,3.95,11.696627,auto,,0
2025-07-06T07:07:09Z,120,normal,0.9,0.9,4.158163,auto,,0
2025-07-06T07:17:08Z,120,normal,0.6,0.6,1.727315,auto,,0
2025-07-06T07:32:04Z,120,normal,0.3,0.3,6.086263,auto,,0
2025-07-06T08:04:48Z,120,normal,1.5,1.5,8.071222,auto,,0
2025-07-06T10:10:33Z,120,normal,2.25,2.25,9.91807,auto,,0
2025-07-06T10:43:17Z,120,normal,0.4,0.4,10.530305,auto,,0
2025-07-06T10:58:17Z,120,normal,2.1,2.1,2.995303,auto,,0
2025-07-06T11:42:50Z,120,normal,4.75,4.75,10.920811,auto,,0
2025-07-06T11:57:56Z,120,biphasic,1.15,1.15,4.02508,auto,biphasic8068,1
2025-07-06T12:07:57Z,120,pen,3.75,0,0,manual,,0
2025-07-06T12:17:50Z,120,biphasic,1.8,1.8,9.254204,auto,biphasic2859,1
2025-07-06T12:32:50Z,120,biphasic,0.6,0.6,10.915011,auto,biphasic4975,1
2025-07-06T12:47:41Z,120,normal,3.55,3.55,11.920511,auto,,0
2025-07-06T12:55:47Z,120,normal,3.45,3.45,6.024758,auto,,0
2025-07-06T13:10:48Z,120,biphasic,0.5,0.5,12.281042,auto,biphasic4975,2
2025-07-06T13:20:43Z,120,biphasic,0.15,0.15,4.177082,auto,biphasic7039,1
2025-07-06T13:25:19Z,120,normal,1.3,1.3,10.251109,auto,,0
2025-07-06T18:53:40Z,120,biphasic,1.4,1.4,5.296852,auto,biphasic8068,2
2025-07-06T19:08:40Z,120,normal,3.55,3.55,2.815366,auto,,0
2025-07-06T19:23:43Z,120,biphasic,0.15,0.15,7.400352,auto,biphasic2859,2
2025-07-06T19:28:19Z,120,biphasic,0.2,0.2,7.016687,auto,biphasic7039,2
2025-07-06T19:43:11Z,120,normal,2.5,2.5,3.222542,auto,,0
2025-07-06T19:49:16Z,120,normal,0.9,0.9,8.488491,auto,,0
2025-07-06T19:54:54Z,120,biphasic,0.3,0.3,5.723501,auto,biphasic8751,1
2025-07-06T19:58:27Z,120,biphasic,1.15,1.15,5.694401,auto,biphasic5942,1
2025-07-06T20:09:13Z,120,biphasic,0.4,0.4,8.779343,auto,biphasic2916,1
2025-07-06T20:19:14Z,120,normal,0.55,0.55,8.422314,auto,,0
2025-07-06T20:39:31Z,120,biphasic,2.25,2.25,11.673907,auto,biphasic7723,1
2025-07-06T20:59:31Z,120,normal,3.4,3.4,1.987762,auto,,0
2025-07-06T21:04:55Z,120,biphasic,1.85,1.85,3.694801,auto,biphasic7723,2
2025-07-06T21:15:41Z,120,normal,2.3,2.3,0,manual,,0
2025-07-06T21:30:41Z,120,normal,2.7,2.7,4.960787,auto,,0
2025-07-06T21:45:42Z,120,normal,1.2,1.2,3.297412,auto,,0
2025-07-06T22:00:43Z,120,normal,0.85,0.85,10.934737,auto,,0
2025-07-06T22:20:43Z,120,normal,0.7,0.7,5.837418,auto,,0
2025-07-06T22:35:04Z,120,normal,2.2,2.2,2.741922,auto,,0
2025-07-06T22:50:04Z,120,normal,0.15,0.15,7.072825,auto,,0
2025-07-06T23:09:27Z,120,normal,2.2,2.2,9.029648,auto,,0
2025-07-06T23:19:33Z,120,normal,4.2,4.2,6.628451,auto,,0
2025-07-06T23:29:26Z,120,normal,4.25,4.25,10.197296,auto,,0
2025-07-06T23:39:32Z,120,normal,2.4,2.4,8.226402,auto,,0
2025-07-06T23:54:32Z,120,normal,2.8,2.8,11.243116,auto,,0
2025-07-07T00:09:32Z,120,normal,0.65,0.65,2.685055,auto,,0
2025-07-07T00:24:32Z,120,normal,2.65,2.65,2.297737,auto,,0
2025-07-07T00:43:55Z,120,normal,2.25,2.25,8.760158,auto,,0
2025-07-07T00:54:01Z,120,normal,4.7,4.7,12.479657,auto,,0
2025-07-07T00:59:25Z,120,normal,3.35,3.35,11.347404,auto,,0
2025-07-07T01:32:09Z,120,normal,0.5,0.5,9.264527,auto,,0
