timestamp,timezoneOffSet,value,units,cgmModel
2025-07-06T00:00:18Z,120,165,mg/dL,
2025-07-06T00:05:17Z,120,167,mg/dL,
2025-07-06T00:10:17Z,120,166,mg/dL,
2025-07-06T00:15:17Z,120,168,mg/dL,
2025-07-06T00:20:18Z,120,163,mg/dL,
2025-07-06T00:25:19Z,120,155,mg/dL,
2025-07-06T00:30:19Z,120,154,mg/dL,
2025-07-06T00:35:19Z,120,152,mg/dL,
2025-07-06T00:40:19Z,120,151,mg/dL,
2025-07-06T00:45:20Z,120,150,mg/dL,
2025-07-06T00:50:20Z,120,148,mg/dL,
2025-07-06T00:55:20Z,120,142,mg/dL,
2025-07-06T01:00:20Z,120,142,mg/dL,
2025-07-06T01:05:20Z,120,139,mg/dL,
2025-07-06T01:10:20Z,120,143,mg/dL,
2025-07-06T01:15:20Z,120,147,mg/dL,
2025-07-06T01:20:20Z,120,145,mg/dL,
2025-07-06T01:25:20Z,120,148,mg/dL,
2025-07-06T01:30:21Z,120,147,mg/dL,
2025-07-06T01:35:21Z,120,151,mg/dL,
2025-07-06T01:40:22Z,120,156,mg/dL,
2025-07-06T01:45:22Z,120,158,mg/dL,
2025-07-06T01:50:22Z,120,157,mg/dL,
2025-07-06T01:55:21Z,120,158,mg/dL,
2025-07-06T02:00:21Z,120,156,mg/dL,
2025-07-06T02:05:22Z,120,151,mg/dL,
2025-07-06T02:10:23Z,120,156,mg/dL,
2025-07-06T02:15:22Z,120,160,mg/dL,
2025-07-06T02:20:23Z,120,163,mg/dL,
2025-07-06T02:25:23Z,120,164,mg/dL,
2025-07-06T02:30:23Z,120,167,mg/dL,
2025-07-06T02:35:22Z,120,167,mg/dL,
2025-07-06T02:40:22Z,120,172,mg/dL,
2025-07-06T02:45:21Z,120,180,mg/dL,
2025-07-06T02:50:22Z,120,185,mg/dL,
2025-07-06T02:55:22Z,120,187,mg/dL,
2025-07-06T03:00:22Z,120,191,mg/dL,
2025-07-06T03:05:22Z,120,197,mg/dL,
2025-07-06T03:10:23Z,120,199,mg/dL,
2025-07-06T03:15:22Z,120,201,mg/dL,
2025-07-06T03:20:22Z,120,205,mg/dL,
2025-07-06T03:25:23Z,120,208,mg/dL,
2025-07-06T03:30:23Z,120,215,mg/dL,
2025-07-06T03:35:23Z,120,211,mg/dL,
2025-07-06T03:40:23Z,120,210,mg/dL,
2025-07-06T03:45:23Z,120,206,mg/dL,
2025-07-06T03:50:23Z,120,205,mg/dL,
2025-07-06T03:55:24Z,120,202,mg/dL,
2025-07-06T04:00:24Z,120,199,mg/dL,
2025-07-06T04:05:25Z,120,195,mg/dL,
2025-07-06T04:10:26Z,120,194,mg/dL,
2025-07-06T04:15:26Z,120,192,mg/dL,
2025-07-06T04:20:27Z,120,195,mg/dL,
2025-07-06T04:25:27Z,120,196,mg/dL,
2025-07-06T04:30:26Z,120,199,mg/dL,
2025-07-06T04:35:26Z,120,202,mg/dL,
2025-07-06T04:40:27Z,120,208,mg/dL,
2025-07-06T04:45:27Z,120,212,mg/dL,
2025-07-06T04:50:27Z,120,209,mg/dL,
2025-07-06T04:55:27Z,120,204,mg/dL,
2025-07-06T05:00:27Z,120,196,mg/dL,
2025-07-06T05:05:26Z,120,193,mg/dL,
2025-07-06T05:10:26Z,120,196,mg/dL,
2025-07-06T05:15:26Z,120,199,mg/dL,
2025-07-06T05:20:27Z,120,200,mg/dL,
2025-07-06T05:25:27Z,120,203,mg/dL,
2025-07-06T05:30:27Z,120,204,mg/dL,
2025-07-06T05:35:26Z,120,206,mg/dL,
2025-07-06T05:40:26Z,120,210,mg/dL,
2025-07-06T05:45:26Z,120,217,mg/dL,
2025-07-06T05:50:26Z,120,221,mg/dL,
2025-07-06T05:55:26Z,120,228,mg/dL,
2025-07-06T06:00:26Z,120,229,mg/dL,
2025-07-06T06:05:26Z,120,229,mg/dL,
2025-07-06T06:10:26Z,120,228,mg/dL,
2025-07-06T06:15:26Z,120,231,mg/dL,
2025-07-06T06:20:26Z,120,224,mg/dL,
2025-07-06T06:25:26Z,120,216,mg/dL,
2025-07-06T06:30:27Z,120,211,mg/dL,
2025-07-06T06:35:26Z,120,212,mg/dL,
2025-07-06T06:40:27Z,120,210,mg/dL,
2025-07-06T06:45:27Z,120,218,mg/dL,
2025-07-06T06:50:27Z,120,221,mg/dL,
2025-07-06T06:55:27Z,120,222,mg/dL,
2025-07-06T07:00:26Z,120,219,mg/dL,
2025-07-06T07:05:27Z,120,215,mg/dL,
2025-07-06T07:10:26Z,120,210,mg/dL,
2025-07-06T07:15:26Z,120,207,mg/dL,
2025-07-06T07:20:26Z,120,203,mg/dL,
2025-07-06T07:25:26Z,120,201,mg/dL,
2025-07-06T07:30:25Z,120,201,mg/dL,
2025-07-06T07:35:24Z,120,197,mg/dL,
2025-07-06T07:40:24Z,120,194,mg/dL,
2025-07-06T07:45:24Z,120,194,mg/dL,
2025-07-06T07:50:24Z,120,200,mg/dL,
2025-07-06T07:55:25Z,120,204,mg/dL,
2025-07-06T08:00:25Z,120,207,mg/dL,
2025-07-06T08:05:25Z,120,206,mg/dL,
2025-07-06T08:10:25Z,120,206,mg/dL,
2025-07-06T08:15:25Z,120,205,mg/dL,
2025-07-06T08:20:26Z,120,200,mg/dL,
2025-07-06T08:25:25Z,120,197,mg/dL,
2025-07-06T08:30:25Z,120,194,mg/dL,
2025-07-06T08:35:25Z,120,191,mg/dL,
2025-07-06T08:40:24Z,120,193,mg/dL,
2025-07-06T08:45:24Z,120,192,mg/dL,
2025-07-06T08:50:24Z,120,186,mg/dL,
2025-07-06T08:55:24Z,120,179,mg/dL,
2025-07-06T09:00:24Z,120,171,mg/dL,
2025-07-06T09:05:25Z,120,168,mg/dL,
2025-07-06T09:10:25Z,120,171,mg/dL,
2025-07-06T09:15:25Z,120,173,mg/dL,
2025-07-06T09:20:25Z,120,176,mg/dL,
2025-07-06T09:25:25Z,120,173,mg/dL,
2025-07-06T09:30:26Z,120,176,mg/dL,
2025-07-06T09:35:27Z,120,178,mg/dL,
2025-07-06T09:40:26Z,120,174,mg/dL,
2025-07-06T09:45:26Z,120,168,mg/dL,
2025-07-06T09:50:26Z,120,165,mg/dL,
2025-07-06T09:55:25Z,120,168,mg/dL,
2025-07-06T10:00:25Z,120,168,mg/dL,
2025-07-06T10:05:26Z,120,168,mg/dL,
2025-07-06T10:10:26Z,120,164,mg/dL,
2025-07-06T10:15:26Z,120,164,mg/dL,
2025-07-06T10:20:27Z,120,162,mg/dL,
2025-07-06T10:25:27Z,120,162,mg/dL,
2025-07-06T10:30:27Z,120,166,mg/dL,
2025-07-06T10:35:28Z,120,168,mg/dL,
2025-07-06T10:40:28Z,120,171,mg/dL,
2025-07-06T10:45:27Z,120,172,mg/dL,
2025-07-06T10:50:27Z,120,170,mg/dL,
2025-07-06T10:55:27Z,120,174,mg/dL,
2025-07-06T11:00:27Z,120,180,mg/dL,
2025-07-06T11:05:27Z,120,184,mg/dL,
2025-07-06T11:10:26Z,120,185,mg/dL,
2025-07-06T11:15:26Z,120,186,mg/dL,
2025-07-06T11:20:26Z,120,187,mg/dL,
2025-07-06T11:25:26Z,120,186,mg/dL,
2025-07-06T11:30:27Z,120,187,mg/dL,
2025-07-06T11:35:27Z,120,181,mg/dL,
2025-07-06T11:40:27Z,120,177,mg/dL,
2025-07-06T11:45:27Z,120,174,mg/dL,
2025-07-06T11:50:27Z,120,170,mg/dL,
2025-07-06T11:55:27Z,120,166,mg/dL,
2025-07-06T12:00:27Z,120,163,mg/dL,
2025-07-06T12:05:27Z,120,160,mg/dL,
2025-07-06T12:10:27Z,120,159,mg/dL,
2025-07-06T12:15:27Z,120,154,mg/dL,
2025-07-06T12:20:28Z,120,150,mg/dL,
2025-07-06T12:25:29Z,120,152,mg/dL,
2025-07-06T12:30:29Z,120,155,mg/dL,
2025-07-06T12:35:29Z,120,153,mg/dL,
2025-07-06T12:40:30Z,120,152,mg/dL,
2025-07-06T12:45:29Z,120,151,mg/dL,
2025-07-06T12:50:30Z,120,153,mg/dL,
2025-07-06T12:55:30Z,120,151,mg/dL,
2025-07-06T13:00:30Z,120,152,mg/dL,
2025-07-06T13:05:30Z,120,156,mg/dL,
2025-07-06T13:10:30Z,120,157,mg/dL,
2025-07-06T13:15:30Z,120,155,mg/dL,
2025-07-06T13:20:30Z,120,152,mg/dL,
2025-07-06T13:25:30Z,120,147,mg/dL,
2025-07-06T13:30:30Z,120,137,mg/dL,
2025-07-06T13:35:31Z,120,127,mg/dL,
2025-07-06T13:40:31Z,120,125,mg/dL,
2025-07-06T13:45:30Z,120,128,mg/dL,
2025-07-06T13:50:30Z,120,136,mg/dL,
2025-07-06T13:55:29Z,120,138,mg/dL,
2025-07-06T14:00:28Z,120,141,mg/dL,
2025-07-06T14:05:28Z,120,142,mg/dL,
2025-07-06T14:10:28Z,120,142,mg/dL,
2025-07-06T14:15:27Z,120,141,mg/dL,
2025-07-06T14:20:27Z,120,139,mg/dL,
2025-07-06T14:25:27Z,120,136,mg/dL,
2025-07-06T14:30:27Z,120,134,mg/dL,
2025-07-06T14:35:27Z,120,129,mg/dL,
2025-07-06T14:40:28Z,120,129,mg/dL,
2025-07-06T14:45:27Z,120,131,mg/dL,
2025-07-06T14:50:28Z,120,132,mg/dL,
2025-07-06T14:55:29Z,120,133,mg/dL,
2025-07-06T15:00:29Z,120,135,mg/dL,
2025-07-06T15:05:28Z,120,142,mg/dL,
2025-07-06T15:10:28Z,120,143,mg/dL,
2025-07-06T15:15:27Z,120,149,mg/dL,
2025-07-06T15:20:27Z,120,152,mg/dL,
2025-07-06T15:25:26Z,120,150,mg/dL,
2025-07-06T15:30:26Z,120,147,mg/dL,
2025-07-06T15:35:26Z,120,144,mg/dL,
2025-07-06T15:40:26Z,120,141,mg/dL,
2025-07-06T15:45:27Z,120,137,mg/dL,
2025-07-06T15:50:27Z,120,128,mg/dL,
2025-07-06T15:55:26Z,120,124,mg/dL,
2025-07-06T16:00:25Z,120,124,mg/dL,
2025-07-06T16:05:25Z,120,121,mg/dL,
2025-07-06T16:10:24Z,120,112,mg/dL,
2025-07-06T16:15:23Z,120,102,mg/dL,
2025-07-06T16:20:24Z,120,96,mg/dL,
2025-07-06T16:25:24Z,120,84,mg/dL,
2025-07-06T16:30:23Z,120,72,mg/dL,
2025-07-06T16:35:24Z,120,64,mg/dL,
2025-07-06T16:40:24Z,120,65,mg/dL,
2025-07-06T16:45:24Z,120,69,mg/dL,
2025-07-06T16:50:24Z,120,71,mg/dL,
2025-07-06T16:55:24Z,120,78,mg/dL,
2025-07-06T17:00:24Z,120,86,mg/dL,
2025-07-06T17:05:25Z,120,93,mg/dL,
2025-07-06T17:10:25Z,120,105,mg/dL,
2025-07-06T17:15:24Z,120,106,mg/dL,
2025-07-06T17:20:24Z,120,105,mg/dL,
2025-07-06T17:25:24Z,120,103,mg/dL,
2025-07-06T17:30:24Z,120,104,mg/dL,
2025-07-06T17:35:25Z,120,109,mg/dL,
2025-07-06T17:40:25Z,120,107,mg/dL,
2025-07-06T17:45:25Z,120,101,mg/dL,
2025-07-06T17:50:25Z,120,95,mg/dL,
2025-07-06T17:55:26Z,120,89,mg/dL,
2025-07-06T18:00:27Z,120,88,mg/dL,
2025-07-06T18:05:28Z,120,85,mg/dL,
2025-07-06T18:10:27Z,120,79,mg/dL,
2025-07-06T18:15:28Z,120,74,mg/dL,
2025-07-06T18:20:28Z,120,69,mg/dL,
2025-07-06T18:25:28Z,120,64,mg/dL,
2025-07-06T18:30:28Z,120,61,mg/dL,
2025-07-06T18:35:28Z,120,63,mg/dL,
2025-07-06T18:40:29Z,120,67,mg/dL,
2025-07-06T18:45:28Z,120,73,mg/dL,
2025-07-06T18:50:28Z,120,76,mg/dL,
2025-07-06T18:55:28Z,120,76,mg/dL,
2025-07-06T19:00:27Z,120,72,mg/dL,
2025-07-06T19:05:27Z,120,70,mg/dL,
2025-07-06T19:10:27Z,120,72,mg/dL,
2025-07-06T19:15:26Z,120,76,mg/dL,
2025-07-06T19:20:26Z,120,78,mg/dL,
2025-07-06T19:25:26Z,120,83,mg/dL,
2025-07-06T19:30:25Z,120,87,mg/dL,
2025-07-06T19:35:26Z,120,94,mg/dL,
2025-07-06T19:40:27Z,120,95,mg/dL,
2025-07-06T19:45:27Z,120,96,mg/dL,
2025-07-06T19:50:28Z,120,97,mg/dL,
2025-07-06T19:55:27Z,120,101,mg/dL,
2025-07-06T20:00:27Z,120,106,mg/dL,
2025-07-06T20:05:27Z,120,106,mg/dL,
2025-07-06T20:10:27Z,120,110,mg/dL,
2025-07-06T20:15:27Z,120,112,mg/dL,
2025-07-06T20:20:27Z,120,114,mg/dL,
2025-07-06T20:25:27Z,120,117,mg/dL,
2025-07-06T20:30:27Z,120,118,mg/dL,
2025-07-06T20:35:26Z,120,122,mg/dL,
2025-07-06T20:40:25Z,120,125,mg/dL,
2025-07-06T20:45:25Z,120,124,mg/dL,
2025-07-06T20:50:25Z,120,127,mg/dL,
2025-07-06T20:55:24Z,120,133,mg/dL,
2025-07-06T21:00:23Z,120,133,mg/dL,
2025-07-06T21:05:22Z,120,138,mg/dL,
2025-07-06T21:10:22Z,120,142,mg/dL,
2025-07-06T21:15:21Z,120,147,mg/dL,
2025-07-06T21:20:21Z,120,145,mg/dL,
2025-07-06T21:25:21Z,120,144,mg/dL,
2025-07-06T21:30:21Z,120,136,mg/dL,
2025-07-06T21:35:20Z,120,126,mg/dL,
2025-07-06T21:40:20Z,120,122,mg/dL,
2025-07-06T21:45:20Z,120,120,mg/dL,
2025-07-06T21:50:21Z,120,116,mg/dL,
2025-07-06T21:55:21Z,120,110,mg/dL,
2025-07-06T22:00:21Z,120,112,mg/dL,
2025-07-06T22:05:22Z,120,116,mg/dL,
2025-07-06T22:10:22Z,120,125,mg/dL,
2025-07-06T22:15:22Z,120,140,mg/dL,
2025-07-06T22:20:21Z,120,149,mg/dL,
2025-07-06T22:25:21Z,120,153,mg/dL,
2025-07-06T22:30:21Z,120,159,mg/dL,
2025-07-06T22:35:21Z,120,162,mg/dL,
2025-07-06T22:40:22Z,120,164,mg/dL,
2025-07-06T22:45:22Z,120,162,mg/dL,
2025-07-06T22:50:23Z,120,159,mg/dL,
2025-07-06T22:55:23Z,120,156,mg/dL,
2025-07-06T23:00:23Z,120,154,mg/dL,
2025-07-06T23:05:22Z,120,152,mg/dL,
2025-07-06T23:10:22Z,120,157,mg/dL,
2025-07-06T23:15:22Z,120,161,mg/dL,
2025-07-06T23:20:22Z,120,164,mg/dL,
2025-07-06T23:25:21Z,120,166,mg/dL,
2025-07-06T23:30:21Z,120,170,mg/dL,
2025-07-06T23:35:21Z,120,173,mg/dL,
2025-07-06T23:40:21Z,120,173,mg/dL,
2025-07-06T23:45:22Z,120,171,mg/dL,
2025-07-06T23:50:21Z,120,171,mg/dL,
2025-07-06T23:55:20Z,120,169,mg/dL,
