timestamp,timezoneOffSet,inputTimestamp,carbsValue,carbUnit,is_input_meal_fat,bolus.type,bolus.delivered,bolus.insulinOnBoard,bolus.prescriptor,recommended.net
2025-07-06T00:25:00Z,120,2025-07-06T00:25:58.236Z,5,grams,no,normal,1.05,9.118522,auto,1.05
2025-07-06T00:36:00Z,120,2025-07-06T00:36:16.189Z,40,grams,yes,biphasic,0.25,10.320805,auto,0.25
2025-07-06T04:26:00Z,120,2025-07-06T04:26:35.268Z,10,grams,no,normal,3.1,6.731373,auto,3.1
2025-07-06T06:42:00Z,120,2025-07-06T06:42:49.128Z,30,grams,no,normal,0.15,2.174911,auto,0.15
2025-07-06T06:52:00Z,120,2025-07-06T06:52:03.749Z,25,grams,no,normal,3.95,11.696627,auto,3.95
2025-07-06T07:32:00Z,120,2025-07-06T07:32:02.747Z,25,grams,no,normal,0.3,6.086263,auto,0.3
2025-07-06T11:57:00Z,120,2025-07-06T11:57:28.708Z,15,grams,no,biphasic,1.15,4.02508,auto,1.15
2025-07-06T12:17:00Z,120,2025-07-06T12:17:51.432Z,5,grams,yes,biphasic,1.8,9.254204,auto,1.8
2025-07-06T12:32:00Z,120,2025-07-06T12:32:23.047Z,20,grams,no,biphasic,0.6,10.915011,auto,0.6
2025-07-06T13:20:00Z,120,2025-07-06T13:20:38.890Z,40,grams,no,biphasic,0.15,4.177082,auto,0.15
2025-07-06T19:54:00Z,120,2025-07-06T19:54:29.853Z,15,grams,no,biphasic,0.3,5.723501,auto,0.3
2025-07-06T19:58:00Z,120,2025-07-06T19:58:46.688Z,30,grams,no,biphasic,1.15,5.694401,auto,1.15
2025-07-06T20:09:00Z,120,2025-07-06T20:09:56.828Z,10,grams,no,biphasic,0.4,8.779343,auto,0.4
2025-07-06T20:39:00Z,120,2025-07-06T20:39:47.261Z,30,grams,no,biphasic,2.25,11.673907,auto,2.25
