timestamp,timezoneOffset,rate,start
2026-07-07T09:21:18Z,120,0.5,0
2026-07-07T09:21:18Z,120,0.5,60
2026-07-07T09:21:18Z,120,0.7,120
2026-07-07T09:21:18Z,120,1.1,180
2026-07-07T09:21:18Z,120,1.5,240
2026-07-07T09:21:18Z,120,1.5,300
2026-07-07T09:21:18Z,120,1.5,360
2026-07-07T09:21:18Z,120,1.4,420
2026-07-07T09:21:18Z,120,1.2,480
2026-07-07T09:21:18Z,120,1,540
2026-07-07T09:21:18Z,120,0.8,600
2026-07-07T09:21:18Z,120,0.7,660
2026-07-07T09:21:18Z,120,0.6,720
2026-07-07T09:21:18Z,120,0.6,780
2026-07-07T09:21:18Z,120,0.6,840
2026-07-07T09:21:18Z,120,0.7,900
2026-07-07T09:21:18Z,120,0.8,960
2026-07-07T09:21:18Z,120,1.2,1020
2026-07-07T09:21:18Z,120,1.3,1080
2026-07-07T09:21:18Z,120,1.3,1140
2026-07-07T09:21:18Z,120,1.1,1200
2026-07-07T09:21:18Z,120,0.8,1260
2026-07-07T09:21:18Z,120,0.7,1320
2026-07-07T09:21:18Z,120,0.6,1380
